,label,acc_x,acc_y,acc_z,gyro_x,gyro_y,gyro_z,azimuth,pitch,roll,max_acc_x,max_acc_y,max_acc_z,max_gyro_x,max_gyro_y,max_gyro_z,max_azimuth,max_pitch,max_roll,min_acc_x,min_acc_y,min_acc_z,min_gyro_x,min_gyro_y,min_gyro_z,min_azimuth,min_pitch,min_roll,jerk_acc_x,jerk_acc_y,jerk_acc_z,jerk_gyro_x,jerk_gyro_y,jerk_gyro_z,jerk_azimuth,jerk_pitch,jerk_roll,JerkMagAcc,JerkMagGyro,JerkMagOrient,F_acc_x,F_acc_y,F_acc_z,F_gyro_x,F_gyro_y,F_gyro_z,F_azimuth,F_pitch,F_roll,Fmax_acc_x,Fmax_acc_y,Fmax_acc_z,Fmax_gyro_x,Fmax_gyro_y,Fmax_gyro_z,Fmax_azimuth,Fmax_pitch,Fmax_roll,Fmin_acc_x,Fmin_acc_y,Fmin_acc_z,Fmin_gyro_x,Fmin_gyro_y,Fmin_gyro_z,Fmin_azimuth,Fmin_pitch,Fmin_roll,jerk_Facc_x,jerk_Facc_y,jerk_Facc_z,jerk_Fgyro_x,jerk_Fgyro_y,jerk_Fgyro_z,jerk_Fazimuth,jerk_Fpitch,jerk_Froll,F_JerkMagAcc,F_JerkMagGyro,F_JerkMagOrient
0,F,4.2625,-2.5975,2.8175,1.9850000000000012,-19.1725,28.220000000000002,-27.595,26.39,6.6725,7.07,-0.25,4.97,24.37,1.69,46.88,-25.0,29.06,7.5,2.0,-3.94,-1.18,-53.5,-50.06,14.06,-29.5,23.56,5.69,28.416666666666668,-17.31666666666667,18.783333333333335,13.233333333333341,-127.81666666666666,188.13333333333335,-183.96666666666667,175.93333333333334,44.483333333333334,38.21239981995374,227.82970065379976,258.40866697281393,7.673267834331544,4.945434691325339,6.819596936407995,57.7239685080984,53.72779249820953,48.692093011208996,30.52170622730767,29.861267493576385,7.77424956680771,17.05,10.39,11.27,75.4479370161968,76.69,112.88000000000001,110.38,105.56,26.69,1.0899999999999999,2.070869382650678,3.9691938728159903,7.939999999999998,28.690000000000005,25.814186022417985,3.0,4.060000000000002,1.298499133615421,51.15511889554363,32.9695646088356,45.463979576053305,384.82645672065604,358.18528332139687,324.61395340806,203.4780415153845,199.07511662384258,51.828330445384736,75.96585955944408,617.8691752526698,289.3447619613824
0,F,5.8275,-6.2875,2.735,-53.5775,56.22,-46.75,-37.44,0.595,-9.594999999999999,7.12,-4.88,3.87,-10.94,97.0,-0.31,-35.19,2.88,-5.06,4.68,-7.9,0.8,-109.06,34.44,-107.25,-38.19,-2.75,-14.88,38.85,-41.916666666666664,18.233333333333334,-357.18333333333334,374.8,-311.6666666666667,-249.6,3.966666666666667,-63.96666666666666,59.989864884736065,604.310420828751,257.6967770246436,7.221423660693186,8.069382326928565,4.7258398748402675,117.38131901626977,97.54049653918054,115.65775235961556,39.69,4.224795400826183,15.756473487927607,23.310000000000002,25.150000000000002,10.94,214.31,224.88,187.0,149.76,5.009590801652366,38.38,1.1428473213863701,0.41000000000000014,2.441679749680535,62.19,38.0,74.38,3.0,2.38,7.880000000000003,48.142824404621244,53.79588217952377,31.505599165601783,782.5421267751318,650.2699769278703,771.051682397437,264.6,28.165302672174555,105.04315658618405,78.76757746630885,1276.614240872879,286.07780238984776
0,F,5.6259999999999994,-4.008,1.462,-60.738,23.586000000000002,-55.688,-32.9,-3.476,-19.438,6.6,-2.23,2.91,-0.88,67.25,-21.5,-29.0,-0.75,-10.19,3.39,-5.58,-0.4,-114.31,-15.5,-99.75,-37.75,-6.38,-26.19,37.50666666666667,-26.720000000000002,9.746666666666666,-404.92,157.24,-371.2533333333334,-219.33333333333334,-23.173333333333336,-129.58666666666667,47.07128589230972,571.4137393440161,255.80621311193102,8.012518685451399,5.971907259060219,3.6143202371201966,132.73434543632646,79.30281097153672,104.72695153892508,39.35885609846248,7.572438374777614,31.065115660304592,28.130000000000003,20.04,7.3100000000000005,303.69,117.93,278.44,164.5,17.38,97.19,2.1620357693839645,0.23162201458011616,0.750401264150625,68.96458288343963,44.40059980039094,47.76513760079324,5.129047162097758,4.3478005954081675,9.111509632229051,53.41679123634266,39.812715060401466,24.095468247467977,884.8956362421765,528.6854064769115,698.1796769261672,262.3923739897499,50.48292249851743,207.1007710686973,70.84488306527486,1244.9913282167192,338.0665803790979
0,F,6.023333333333333,-4.513333333333333,2.4766666666666666,-15.436666666666667,-4.9366666666666665,-2.5199999999999996,-38.69,5.206666666666666,1.9799999999999998,7.18,-3.13,3.0,-2.81,6.25,10.88,-38.69,6.06,2.38,3.86,-6.06,1.86,-29.5,-11.0,-17.25,-38.69,4.56,1.56,40.15555555555556,-30.088888888888885,16.511111111111113,-102.91111111111113,-32.91111111111111,-16.799999999999997,-257.93333333333334,34.71111111111111,13.2,52.824489270286996,109.34385224918391,260.5929885453796,8.188399408794107,6.212836528714592,3.1414306180893585,30.912972570998118,16.136490077972955,18.815230386015823,38.69,6.097009921322481,2.4538494838377827,18.07,13.54,7.43,46.31,16.799735116959432,24.442845579023732,116.07,15.619999999999997,5.9399999999999995,3.247599113191159,2.549254793071889,0.9971459271340377,23.214458856497174,14.81,7.559999999999999,0.0,1.3355148819837235,0.7107742257566743,54.58932939196071,41.41891019143062,20.94287078726239,206.08648380665412,107.5766005198197,125.4348692401055,257.93333333333334,40.646732808816544,16.35899655891855,71.65280763320966,264.15576883436324,261.6283205253026
0,F,4.1975,-4.3425,2.35,-9.47,23.1575,-10.8125,-38.3925,5.172499999999999,-0.25,6.45,-2.1,4.45,9.69,37.31,3.0,-37.0,7.06,1.75,1.01,-6.88,-0.52,-49.38,7.25,-19.25,-39.19,3.75,-2.06,27.983333333333334,-28.950000000000003,15.666666666666668,-63.13333333333334,154.38333333333333,-72.08333333333334,-255.95,34.483333333333334,-1.6666666666666667,43.20432720097478,181.70315994317033,258.2678465383478,7.472387575665319,7.011928825323982,5.603840454728783,50.157854073589604,39.257960272344036,24.636230286771195,39.84631163980052,7.370356201811773,2.4540400660015917,16.79,17.37,9.4,56.18570814717921,92.63,43.25,153.57,20.689999999999998,4.218080132003184,1.87,0.5899999999999999,3.1,37.88,6.015920544688072,10.75,1.8100000000000023,0.9299999999999997,0.3799999999999999,49.81591717110213,46.746192168826546,37.35893636485855,334.3856938239307,261.71973514896024,164.2415352451413,265.64207759867014,49.13570801207849,16.36026710667728,77.86220014998625,455.2870456099475,270.64310361172693
0,F,5.6175,-2.905,3.0675,-58.94,20.75,-50.925,-38.625,-8.594999999999999,-5.625,7.51,-0.94,3.41,-30.19,42.63,-36.38,-36.19,-1.75,-1.37,3.75,-4.05,2.89,-110.19,0.5,-61.69,-40.19,-16.19,-11.0,37.45,-19.366666666666667,20.45,-392.93333333333334,138.33333333333334,-339.5,-257.5,-57.3,-37.5,46.85907359069083,537.3946087890681,266.45035184814446,7.691170783802254,4.962973906671064,3.4206011825546967,112.7464301047367,43.7707489835816,67.9902973611722,41.16722242235029,17.81571161457262,11.781319325695767,22.47,11.62,12.270000000000001,235.76,83.0,203.7,154.5,34.38,22.5,0.049999999999998934,2.5600000000000005,0.33000000000000007,59.5,12.851497967163205,7.560000000000002,3.084444844700585,9.76,7.0,51.27447189201503,33.08649271114043,22.804007883697977,751.6428673649114,291.8049932238773,453.26864907448135,274.4481494823353,118.77141076381747,78.54212883797179,65.14453348738594,924.9700656587424,309.1881316795751
0,F,5.736666666666667,-4.633333333333334,1.8,-77.20666666666666,50.39666666666667,-41.23,-39.85666666666666,-8.646666666666667,-5.416666666666667,6.36,-2.49,2.58,-39.81,113.5,-10.19,-38.38,-6.19,-1.75,4.61,-7.99,1.18,-127.62,-3.44,-66.31,-41.0,-12.5,-10.75,38.24444444444445,-30.888888888888893,12.0,-514.7111111111111,335.9777777777778,-274.8666666666667,-265.7111111111111,-57.644444444444446,-36.111111111111114,50.60396217347335,673.3203394419129,274.27958161133483,6.865461500893763,8.032673138517733,2.6239741096256206,129.54816369446584,118.54497780576321,74.1744947348314,41.405616131447374,12.548295955965065,10.873568514581635,17.21,13.9,5.4,231.62,151.19,123.69,119.57,25.94,16.25,1.6931922513406443,5.0990097077766,1.2359611644384303,78.51224554169877,102.22246670864483,49.41674210224709,2.3234241971710627,5.852443933947595,8.18535277187245,45.76974333929175,53.55115425678489,17.49316073083747,863.6544246297723,790.2998520384215,494.49663156554266,276.0374408763158,83.65530637310043,72.49045676387757,72.58516515055626,1270.826400396294,297.4050190762733
0,F,6.140000000000001,-4.37,3.7266666666666666,51.52333333333333,-12.246666666666668,40.79333333333333,-40.50333333333334,-1.7299999999999998,1.42,7.16,-2.92,6.13,60.19,10.69,68.19,-40.38,1.0,2.38,4.32,-5.51,2.47,45.13,-50.06,17.75,-40.75,-3.5,0.19,40.93333333333334,-29.133333333333336,24.844444444444445,343.4888888888889,-81.64444444444446,271.9555555555555,-270.02222222222224,-11.533333333333331,9.466666666666667,56.04940060912316,445.65710618848686,270.43416213448836,7.964426850639218,5.8971323889346765,6.1308389659090565,60.51050443688112,50.34525864998164,70.23846950969435,40.74999999999999,4.49976533302011,2.712903708711519,18.42,13.11,11.18,154.57,57.14788797497245,122.38,121.50999999999999,5.1899999999999995,4.260000000000001,2.736640275958826,2.290698583402015,3.606258448863586,13.480756655321684,36.74,44.16770426454153,0.36999999999999567,4.154647999530165,1.9393555630672785,53.09617900426146,39.31421592623118,40.87225977272705,403.40336291254084,335.63505766654424,468.25646339796236,271.66666666666663,29.998435553467402,18.08602472474346,77.68753708077111,703.313074425564,273.91565892401496
0,F,5.175,-5.165,3.5975,57.97,-34.4375,37.7675,-38.97,3.015,-0.25249999999999995,6.33,-4.48,4.79,101.94,-1.56,84.25,-38.56,8.75,4.69,3.68,-5.8,1.97,12.69,-56.5,0.0,-39.38,0.56,-4.19,34.5,-34.43333333333334,23.983333333333334,386.4666666666667,-229.58333333333334,251.78333333333333,-259.8,20.1,-1.6833333333333331,54.32407129645404,515.2279479350217,260.5818174990556,6.972115184024455,5.940512483795333,5.37902737350329,115.14437588119671,70.63216218807487,94.79127238343219,39.549827560572965,8.767134482236688,5.908702914696215,20.700000000000003,20.66,14.39,231.88,137.75,151.07,155.88,12.06,7.997405829392429,0.9199999999999999,0.7810249675906652,2.33805474700658,2.6200000000000045,36.25,28.309999999999995,0.0,6.5600000000000005,1.0099999999999998,46.48076789349637,39.60341655863555,35.860182490021934,767.6291725413114,470.8810812538325,631.9418158895479,263.66551707048643,58.447563214911256,39.39135276464143,70.81557085347521,1100.1518067471488,272.9236179051502
0,F,5.91,-5.086,1.952,-38.602,1.1879999999999995,-32.338,-37.926,-7.2379999999999995,-3.524,7.41,-2.99,3.07,-6.63,51.13,5.31,-35.06,-3.5,0.19,4.2,-7.41,1.33,-96.69,-45.13,-121.69,-39.06,-15.25,-12.06,39.400000000000006,-33.90666666666667,13.013333333333334,-257.34666666666664,7.919999999999997,-215.58666666666667,-252.84000000000003,-48.25333333333333,-23.493333333333336,53.58515549001318,335.8089398584988,258.4731833070675,8.736963427593995,7.624750041589122,3.1368592511054145,102.67648498227115,67.28966409924695,124.42486974675737,40.83525274053602,16.1963476514813,12.586581577561532,29.55,25.43,9.76,193.01,138.31151897525288,161.69,189.63,36.19,17.62,2.9086570624689143,1.2095907902347267,1.4491426170504265,74.90762796868991,5.939999999999994,81.07616137171753,3.5170323811912856,8.151853230490188,9.152698605797815,58.24642285062664,50.83166694392748,20.91239500736943,684.5098998818077,448.59776066164636,829.4991316450491,272.2350182702402,107.97565100987534,83.91054385041022,80.08640586352107,1165.2736001929918,304.65000533870995
0,F,4.3100000000000005,-5.43,2.4275,-6.1274999999999995,19.9525,-12.86,-40.33,-1.125,0.15749999999999997,6.41,-4.17,2.87,-1.0,56.25,9.06,-39.5,0.25,1.75,0.56,-6.48,1.88,-11.5,-6.5,-36.56,-40.88,-3.25,-2.5,28.733333333333338,-36.2,16.183333333333337,-40.85,133.01666666666668,-85.73333333333333,-268.8666666666667,-7.5,1.0499999999999998,48.96881377185098,163.43916469303053,268.9733015457937,8.118379768589206,6.902000473036792,3.044405808670831,11.677073336523103,62.507419866386485,41.06493925733853,41.27262070743284,3.5155644370746373,2.900751320094677,17.240000000000002,21.720000000000002,9.71,24.509999999999998,79.81,51.44,161.32,4.5,4.25,4.426759537178409,1.6600000000000001,0.7988116173416611,0.4900000000000002,19.689999999999998,36.62987851467706,0.5600000000000023,1.5,0.6299999999999999,54.12253179059471,46.013336486911946,20.296038724472208,77.84715557682068,416.71613244257657,273.7662617155902,275.15080471621894,23.43709624716425,19.338342133964513,73.88101765668223,504.6389607660409,276.8234713548906
0,F,6.505,-4.1075,3.665,-2.4224999999999994,-1.0924999999999994,3.2824999999999998,-39.815,-3.5,-1.53,7.81,-3.44,4.92,9.06,21.94,10.5,-38.69,-2.88,-0.06,5.89,-4.55,0.83,-29.5,-21.81,-1.5,-40.88,-4.0,-3.56,43.36666666666667,-27.383333333333333,24.433333333333334,-16.15,-7.28333333333333,21.883333333333333,-265.43333333333334,-23.333333333333336,-10.200000000000001,56.81111246930481,28.155811517735057,266.65209335178463,7.8438002860645275,4.836772763839597,6.534098362271492,29.500405208397463,28.360658063256174,10.880732238608006,41.209117265087784,4.12,3.56,26.02,16.43,14.66,38.56081041679493,36.47131612651235,13.129999999999999,159.26,14.0,6.12,1.4400000000000013,0.7699999999999996,3.16,9.689999999999998,4.369999999999997,9.321464477216013,1.5,0.2400000000000002,1.12,52.292001907096854,32.245151758930646,43.56065574847661,196.66936805598309,189.07105375504116,72.53821492405338,274.7274484339186,27.46666666666667,23.733333333333334,75.3109155743414,282.2915094790305,277.1152464443274
0,F,4.5975,-6.1274999999999995,3.8375000000000004,51.2,-37.6725,25.485,-37.515,7.859999999999999,2.9075,5.13,-4.83,5.25,98.31,-0.19,49.75,-35.75,13.25,8.38,4.14,-8.98,2.7,18.0,-62.25,3.5,-38.69,5.75,-1.69,30.650000000000002,-40.85,25.583333333333336,341.33333333333337,-251.15,169.9,-250.10000000000002,52.4,19.383333333333336,57.11962836402601,456.5640994914564,256.26447980770007,5.26781109976113,8.981303487938023,5.327081728298996,105.52260126922198,78.53613954811726,55.53200001729685,39.333253619873155,13.250631480004932,9.419679282539427,18.39,24.509999999999998,15.350000000000001,204.8,150.69,101.94,150.06,31.439999999999998,11.63,0.3100000000000005,3.242606975876047,0.5499999999999998,27.819999999999993,25.810000000000002,4.560000000000002,1.9165072397463054,6.691262960009866,6.250000000000002,35.1187406650742,59.87535658625349,35.51387818865997,703.4840084614799,523.5742636541152,370.2133334486457,262.2216907991544,88.33754320003288,62.797861883596184,77.97191684337845,951.8811228221404,283.7380977615382
0,F,3.8575,-6.737500000000001,2.0100000000000002,-43.39,46.58,-34.0625,-39.16,-1.0475,-5.827500000000001,6.78,-3.29,5.5,-15.75,95.62,24.12,-38.69,3.06,-2.0,1.2,-8.06,-1.02,-95.69,4.69,-98.06,-39.88,-8.5,-11.56,25.71666666666667,-44.91666666666667,13.400000000000002,-289.2666666666667,310.53333333333336,-227.08333333333334,-261.06666666666666,-6.983333333333334,-38.85000000000001,53.46413647379792,481.3242107284168,264.033887766114,7.2924126557550935,10.185754597606385,6.261318873030483,96.25595194392257,101.98037749935558,114.9132423651509,39.972786304021824,8.527548966646773,12.011063467403163,15.43,26.950000000000003,8.04,173.56,186.32,136.25,156.64,11.615097933293546,23.310000000000002,4.364825311510187,4.25,3.62,49.31999999999999,65.96075499871117,54.75,0.5,4.1899999999999995,3.8100000000000005,48.61608437170062,67.90503065070924,41.74212582020322,641.7063462928171,679.8691833290372,766.0882824343394,266.48524202681216,56.85032644431182,80.07375644935442,93.3649929861281,1208.6771271916107,284.00378572621884
0,F,6.342499999999999,-3.6750000000000003,4.14,47.36,-7.33,38.97,-36.8775,13.375,2.0775,9.54,-0.31,5.98,96.31,26.87,60.38,-36.06,17.0,3.38,4.1,-6.57,2.08,12.38,-60.88,3.06,-37.88,10.69,1.0,42.28333333333333,-24.500000000000004,27.599999999999998,315.73333333333335,-48.86666666666667,259.8,-245.85,89.16666666666667,13.850000000000001,56.12388330985105,411.79063720401524,261.886882917882,9.556415449143229,7.371316738225926,6.361539722572133,102.9863121602531,61.3013277258962,74.91466326688641,37.915295937396124,17.342576828116574,3.520460446612375,25.37,14.7,16.560000000000002,189.44,88.5926554517924,155.88,147.51,53.5,8.31,2.3328308982864563,3.722633476451852,0.4399999999999995,46.80000000000001,29.320000000000007,28.999999999999993,0.7605918747922613,5.125153656233147,0.44999999999999973,63.709436327621525,49.14211158817284,42.41026481714756,686.5754144016875,408.6755181726414,499.4310884459094,252.76863958264084,115.61717885411049,23.469736310749166,90.95311962977563,942.2488476622253,278.94470012018235
0,F,5.6674999999999995,-6.2875,2.06,-67.7825,48.347500000000004,-57.0475,-34.0325,-1.5025,-18.4525,7.68,-5.62,3.09,-62.38,58.38,-28.94,-28.25,0.56,-12.75,2.79,-7.13,-0.6,-79.37,33.63,-94.06,-37.69,-4.69,-25.0,37.78333333333333,-41.916666666666664,13.733333333333334,-451.8833333333333,322.3166666666667,-380.31666666666666,-226.88333333333333,-10.016666666666667,-123.01666666666668,58.079184452492676,672.8501671992065,258.2817857173311,8.710652970120792,7.130066222261332,4.720819601152832,79.56068506221588,65.16565376353579,98.87519022583773,40.22277626198507,4.795041208480194,26.488833098942873,22.669999999999998,25.15,8.24,271.13,193.39,228.19,136.13,6.010000000000001,73.81,3.5613059402415845,0.34999999999999964,3.2600000000000002,12.370000000000005,10.36999999999999,47.19,7.25,2.250000000000001,6.310000000000002,58.07101980080528,47.53377481507555,31.472130674352215,530.4045670814393,434.4376917569053,659.1679348389182,268.15184174656713,31.966941389867962,176.59222065961916,81.37688921345747,951.0875244264963,322.66407914640087
0,F,5.0775,-4.215,0.9475,-95.0475,46.955,-81.4975,-34.83,-5.765,-18.08,7.65,1.15,3.91,-22.56,78.19,-34.0,-26.06,-3.0,-9.69,2.42,-9.94,-2.18,-168.63,10.19,-108.37,-40.5,-8.5,-28.5,33.85,-28.1,6.316666666666667,-633.65,313.03333333333336,-543.3166666666667,-232.2,-38.43333333333333,-120.53333333333333,44.444715971392796,891.4567799706027,264.4281481906863,8.418230586238629,10.870411118167354,4.902857553933148,188.06752065850395,86.92587192380306,129.14202813938724,44.491768004911165,9.023593686021725,30.50600715278903,20.310000000000002,16.86,6.205715107866297,380.19,187.82,325.99,139.32,23.06,72.32,0.16999999999999993,7.540822236334709,3.41,99.19,38.85174384760612,41.25,8.439999999999998,0.05999999999999872,9.440000000000005,56.12153724159086,72.46940745444903,32.68571702622099,1253.783471056693,579.5058128253537,860.9468542625816,296.6117866994078,60.157291240144836,203.37338101859356,97.31288741310894,1627.5839349348403,364.634315177961
0,F,5.3825,-3.91,3.4325,74.4825,-46.4375,57.92,-39.5475,11.3275,4.220000000000001,7.51,-1.95,4.32,107.87,-33.44,83.56,-35.19,20.87,7.69,2.45,-4.89,2.43,43.31,-52.69,29.37,-42.25,2.69,-1.19,35.88333333333334,-26.06666666666667,22.883333333333336,496.55,-309.58333333333337,386.1333333333334,-263.65000000000003,75.51666666666668,28.13333333333334,49.9072306050603,701.0725311184921,275.6910841664796,8.50503472188733,5.894259780830232,4.74568980966505,108.54283030332903,59.43531019851519,92.84277407283302,44.37206454789011,23.009971574712452,10.141454662701479,21.53,15.64,13.73,297.93,185.75,231.68,158.19,45.31,16.880000000000003,3.600069443774661,2.4985195616604647,0.25,4.430000000000007,13.620620397030383,33.56,3.3100000000000023,11.55,5.500000000000002,56.70023147924887,39.29506520553488,31.63793206443367,723.6188686888602,396.2354013234346,618.9518271522202,295.81376365260076,153.399810498083,67.60969775134319,75.89451327086407,1031.3719623489678,340.01228780323885
0,F,4.4975,-6.1575,4.755,30.4075,-24.47,32.53,-29.9825,25.875,5.967499999999999,5.74,-4.51,5.78,55.13,-16.44,51.31,-26.75,29.25,7.06,3.61,-7.55,4.1,16.5,-34.69,23.69,-33.06,21.5,5.06,29.98333333333333,-41.05,31.7,202.71666666666667,-163.13333333333333,216.86666666666667,-199.88333333333335,172.5,39.78333333333333,59.90820292562427,338.7295122955778,267.0061994702662,5.784200162279109,8.1648246857515,5.783544046744323,55.303322424160854,34.91855377140849,51.386014303363744,34.103406291364614,31.001893504804794,7.261032619233427,17.990000000000002,24.630000000000003,19.02,121.63,97.88,130.12,119.93,103.5,23.869999999999997,0.7099999999999991,1.4700000000000006,0.8570880934886455,26.22664484832172,7.397107542816987,22.65202860672748,3.3100000000000023,4.0,1.25,38.56133441519406,54.432164571676665,38.55696031162882,368.6888161610724,232.7903584760566,342.57342868909166,227.35604194243078,206.67929003203196,48.40688412822285,77.04853172066967,554.5082039117764,311.04714299745035
0,F,6.455,-3.785,2.8425,-43.58,31.235,-49.0,-39.69,-4.5325,-7.095,7.51,-2.94,3.62,-32.69,50.25,-21.69,-37.0,0.19,-2.75,4.83,-4.7,2.01,-62.25,17.44,-70.12,-40.69,-10.56,-12.75,43.03333333333334,-25.233333333333334,18.95,-290.53333333333336,208.23333333333335,-326.6666666666667,-264.6,-30.216666666666665,-47.3,53.363764755580064,484.23325990683463,270.4875171693593,8.221422298871508,4.96649890404228,3.856369606182186,63.13475342927555,52.33158517916103,81.76042717012037,42.379999999999995,11.418163800845726,13.426145196340155,25.82,15.14,11.370000000000001,174.32,124.94000000000001,196.0,158.76,18.130000000000003,28.38,1.8599999999999994,0.620000000000001,0.11000000000000032,15.560000000000002,24.799999999999997,17.620000000000005,3.3800000000000026,7.750000000000002,8.120000000000001,54.80948199247672,33.1099926936152,25.709130707881243,420.8983561951703,348.8772345277402,545.0695144674692,282.5333333333333,76.12109200563818,89.5076346422677,69.00224876197734,771.9919213445972,305.9920289024355
0,F,6.2540000000000004,-4.87,3.192,-48.9,23.176000000000002,-38.214,-38.538,-6.612,-13.65,8.13,-4.09,4.24,-28.0,46.31,-9.13,-33.56,-3.06,-7.75,3.25,-5.54,2.46,-64.87,10.75,-61.0,-41.06,-12.0,-20.19,41.693333333333335,-32.46666666666667,21.28,-326.0,154.5066666666667,-254.76,-256.92,-44.080000000000005,-91.0,56.96715622961084,441.64574903925484,276.1013089429313,9.320552842425526,5.848924572644731,4.316489267883897,76.34071265749112,47.851151737560784,74.9881538986609,43.9249917589143,13.328212596116867,22.15947926353767,31.270000000000003,24.35,15.96,244.5,115.88,191.07,192.69,33.06,68.25,2.2811613010760543,0.8709282159203519,0.45871873319647144,33.35029162842204,29.88358270027409,35.54128801366052,5.552702158629481,5.280484361424791,8.469433184491553,62.137018949503506,38.99283048429821,28.77659511922598,508.9380843832742,319.00767825040526,499.92102599107267,292.83327839276205,88.85475064077912,147.7298617569178,78.80064961511444,781.4761063182915,339.8096639302743
0,F,5.764,-4.336,3.7880000000000003,35.812,-25.901999999999997,38.286,-41.238,5.288,1.4739999999999998,6.49,-3.52,4.66,60.06,-0.06,67.37,-39.0,14.88,7.06,4.21,-5.3,1.78,3.06,-48.19,16.31,-42.06,-0.75,-2.88,38.42666666666667,-28.90666666666667,25.253333333333337,238.74666666666667,-172.67999999999998,255.24,-274.92,35.25333333333334,9.826666666666666,54.31330346548011,389.8279246596432,277.3452132070949,7.4279203261010265,5.688972133311776,5.814886067432239,77.17765240273617,59.234191506201185,74.29294493835968,43.484125763772056,16.042522884570978,8.455366286936217,28.82,21.68,18.939999999999998,179.06,129.51,191.43,206.19,26.44,11.122374769871097,1.501182605622556,1.07138352810569,2.121075635434607,46.83020923887729,31.532881454903997,32.24380674850761,2.2180293383352803,11.908725004186028,6.331040947469445,49.51946884067351,37.926480888745175,38.765907116214926,514.5176826849079,394.89461004134125,495.2862995890646,289.8941717584804,106.95015256380653,56.36910857957478,73.43971201883754,816.0751910184375,314.09304728855864
0,F,4.862,-4.546,2.944,39.412,-38.052,33.4,-40.6,7.164,1.238,6.22,-2.59,4.24,60.31,-10.19,46.88,-38.0,14.88,5.75,2.43,-5.84,1.33,17.62,-60.75,13.81,-41.75,1.75,-4.19,32.413333333333334,-30.30666666666667,19.62666666666667,262.74666666666667,-253.68,222.66666666666666,-270.6666666666667,47.76,8.253333333333334,48.521379480252484,427.74969046030753,274.9719613988953,7.64489395889855,6.96281983367968,5.2441710404650514,75.5822699249852,71.97605170819489,57.36817688309007,43.30533992623571,16.500617723372613,8.5673860554148,24.310000000000002,22.73,14.72,197.06,190.26,167.0,203.0,35.82,13.769498441055475,3.2350591473187404,2.9535029029112465,2.618707268604542,37.316165089510164,39.94882904377218,20.46817699273108,2.462150673208016,9.05414697578805,4.5539666974815285,50.96595972599033,46.418798891197866,34.961140269767014,503.8817994999013,479.8403447212993,382.45451255393385,288.70226617490476,110.00411815581742,57.115907036098676,77.29498864903898,793.9868251188941,314.1848680988963
0,F,6.79375,-4.21875,3.44625,-26.01625,-29.4925,0.3987500000000006,-41.15875,1.6025,-10.033750000000001,12.49,-2.54,6.8,19.81,18.87,25.12,-39.25,3.19,-1.5,2.91,-5.48,0.23,-129.81,-159.25,-30.25,-43.88,-2.25,-12.56,45.29166666666667,-28.125,22.975,-173.44166666666666,-196.61666666666667,2.6583333333333377,-274.39166666666665,10.683333333333334,-66.89166666666668,58.05343503570176,262.1968575008735,282.62946664611366,13.943593029346925,6.320568325810418,7.963814720086632,132.71576716300476,170.621325553759,45.751041210323436,44.48986609763998,5.598528918583875,18.715555768728027,54.35,33.75,27.57,208.13,235.94,110.10233516967176,329.27,12.82,80.27000000000001,5.822207485138262,0.09000000000000341,0.049999999999998934,9.129999999999995,72.44,3.190000000000003,1.75,2.41783529625858,6.009999999999998,92.95728686231284,42.13712217206946,53.09209813391088,884.7717810866984,1137.4755036917268,305.00694140215626,296.5991073175999,37.3235261238925,124.77037179152019,115.04505695599029,1472.9904481732306,323.93166214637336
0,F,7.285,-3.5733333333333337,3.328333333333333,-17.03,-51.385,-13.521666666666667,-37.843333333333334,-7.803333333333334,-5.645,12.88,-0.86,4.84,21.19,5.5,28.69,-35.5,-1.19,8.06,-1.58,-5.79,-0.64,-90.44,-141.31,-53.31,-39.19,-20.87,-11.56,48.56666666666667,-23.822222222222226,22.18888888888889,-113.53333333333335,-342.56666666666666,-90.14444444444445,-252.2888888888889,-52.022222222222226,-37.63333333333333,58.46850582013796,371.9781710706778,260.3310639157497,17.399989101364213,6.328798582360954,7.311525805889794,96.21908910173187,167.19138802375224,72.79075938893875,40.57435522934734,22.401744859999226,20.986044009448012,43.71000000000001,21.439999999999998,19.969999999999995,128.1720035733233,308.31,91.62195861255096,227.06,46.82,33.870000000000005,9.111772604713092,0.8407734534343951,1.9699999999999998,65.31999999999998,31.05,51.88999999999999,2.819999999999993,13.504558489636008,10.369999999999997,115.9999273424281,42.191990549073026,48.74350537259863,641.4605940115458,1114.6092534916816,485.2717292595917,270.4957015289823,149.3449657333282,139.90696006298674,132.71049892887228,1374.5232383839582,339.1840220435087
0,F,9.738333333333333,-8.833333333333334,7.476666666666667,53.02166666666667,-16.228333333333335,68.87666666666667,-30.593333333333334,20.855,9.033333333333333,21.61,-1.65,32.22,104.75,85.69,187.13,-18.69,35.38,11.88,5.25,-39.15,1.16,-1.37,-71.5,11.88,-37.5,11.19,3.75,64.92222222222223,-58.88888888888889,49.84444444444445,353.4777777777778,-108.18888888888891,459.1777777777778,-203.95555555555558,139.03333333333333,60.22222222222222,100.83285582990703,589.4875797391041,254.07646972739488,21.657185200715173,39.209089359234106,32.24456795991359,127.39246123276298,136.41385611973442,205.8989535122465,44.141977712559985,38.126523279470604,15.187042770455657,58.43,53.0,44.86,318.13,176.51392353012835,413.26,183.56,125.13000000000001,54.199999999999996,9.029999999999998,36.05999999999999,27.319999999999997,50.74809651602708,17.370000000000008,84.99999999999997,12.679999999999996,13.87,4.320000000000002,144.3812346714345,261.3939290615607,214.96378639942392,849.2830748850865,909.4257074648962,1372.6596900816432,294.2798514170666,254.17682186313738,101.24695180303772,367.9431430787442,1852.7092279846095,401.81766134890404
0,F,8.241666666666667,-3.535,0.6466666666666665,-18.376666666666665,-72.53,30.478333333333335,-30.508333333333336,9.198333333333332,17.458333333333332,13.15,-0.95,5.1,17.12,-30.19,135.25,-14.06,14.25,35.75,5.32,-6.61,-4.11,-41.69,-96.37,-12.19,-39.25,5.0,2.25,54.94444444444445,-23.56666666666667,4.31111111111111,-122.5111111111111,-483.53333333333336,203.1888888888889,-203.3888888888889,61.322222222222216,116.38888888888889,59.940515781053854,538.608560420297,242.2268121379599,13.676467546153326,7.880774020778389,6.861060118478631,55.6442009827553,120.10627656510762,140.12777450335173,49.55402100520062,15.086589302474872,42.98505452276938,49.45,21.21,9.994463467340307,110.25999999999999,435.18,182.87,183.05,55.19,104.75,4.263003635935581,3.789999999999999,3.6599999999999993,3.879999999999999,29.632119397707616,107.01049527966872,15.189999999999998,0.5700000000000003,16.75,91.17645030768884,52.53849347185593,45.74040078985754,370.96133988503533,800.7085104340508,934.1851633556782,330.3601400346708,100.57726201649915,286.5670301517959,114.74154718940956,1285.0869051564928,448.74744626402406
0,F,8.17,-3.0042857142857144,2.2985714285714285,0.8114285714285719,-46.57142857142857,-64.07142857142857,-25.50857142857143,-11.632857142857144,-21.90142857142857,14.4,-1.02,4.05,22.94,25.31,-26.0,-20.56,-2.56,-4.38,3.83,-5.02,-0.04,-32.38,-107.06,-116.44,-31.56,-29.56,-30.37,54.46666666666667,-20.028571428571432,15.323809523809524,5.409523809523813,-310.4761904761905,-427.14285714285717,-170.05714285714288,-77.55238095238097,-146.0095238095238,60.02150106061295,528.0868756261765,237.1762734153689,16.388945766169375,6.196869549843238,5.758219097236163,47.865781245483085,132.8277061633906,132.65913174472038,31.768987316725013,32.99735658768175,42.86164435277862,57.19,21.029999999999998,16.09,82.50638275665331,326.0,448.5,178.56,81.42999999999999,153.31,6.021469081474846,1.8185029495409346,2.0482515203910716,5.68,42.08249110088405,55.4912038213677,1.514332503991386,14.335197501496424,13.85383316067311,109.25963844112917,41.312463665621586,38.388127314907756,319.1052083032206,885.5180410892706,884.3942116314693,211.79324877816677,219.9823772512117,285.7442956851908,122.95542511477541,1291.5585378247742,418.2085951361242
0,F,8.705,-1.4833333333333332,0.4633333333333334,-24.655,-52.27,-60.22666666666667,-27.405,-11.148333333333333,-22.19666666666667,15.59,4.66,1.94,35.94,37.69,-17.12,-24.25,-4.69,-8.0,2.94,-3.85,-2.96,-99.75,-109.19,-120.87,-31.25,-22.5,-27.56,58.03333333333334,-9.888888888888888,3.0888888888888895,-164.36666666666667,-348.4666666666667,-401.5111111111111,-182.70000000000002,-74.32222222222222,-147.9777777777778,58.95081963639242,556.4679606541314,246.57758501554594,16.489427051275694,7.663907565037118,3.8958872721315156,121.82422891477758,147.87479921541245,135.495079668606,32.57786514117385,23.319496822103037,36.69806600093725,52.230000000000004,9.366733688965432,5.745145777088689,210.91386322382886,313.62,361.36,164.43,66.89,133.18,0.7499999999999987,5.684989006145922,2.7800000000000002,5.809999999999992,57.37474967265652,56.260000000000005,2.5491763375647403,8.61,13.32,109.9295136751713,51.092717100247455,25.972581814210105,812.1615260985172,985.8319947694164,903.30053112404,217.18576760782568,155.46331214735358,244.6537733395817,123.97394372867804,1564.4241483417125,362.20707873331435
0,F,7.5625,0.565,-6.4725,5.40625,-9.765,11.875,-21.51375,-25.21,16.42125,14.65,2.26,-0.47,21.75,100.81,63.19,-14.25,-23.75,25.0,0.57,-1.6,-16.73,-11.63,-96.31,-9.13,-24.87,-27.5,11.75,50.41666666666667,3.7666666666666666,-43.150000000000006,36.04166666666667,-65.10000000000001,79.16666666666667,-143.425,-168.0666666666667,109.47500000000001,66.46766548898462,108.64793070842272,246.58043453292166,16.338931428332025,3.389443368613017,17.82616980715398,29.98581119701425,149.3470390180388,63.84468061408022,30.43559775419695,27.98983588580148,26.4209371286664,60.5,5.928912210515517,51.78,61.89,207.50633050584264,95.0,172.11,201.68,131.37,2.4600000000000044,0.76,9.991405589471512,10.356085167668327,78.12,33.84711678427808,0.75,0.07999999999998408,0.37000000000000455,108.9262095222135,22.59628912408678,118.84113204769321,199.90540798009502,995.6469267869254,425.6312040938681,202.90398502797967,186.5989059053432,176.139580857776,162.7842930673403,1101.107123243844,327.13044916372235
0,F,6.478333333333333,-0.215,-5.794999999999999,4.635000000000001,-44.79333333333333,-43.27,-25.325000000000003,-23.521666666666665,7.04,10.36,2.39,2.46,116.37,246.25,-16.06,-8.88,-15.75,24.56,-7.73,-4.65,-23.82,-41.19,-158.06,-77.56,-34.25,-30.0,-9.5,43.18888888888888,-1.4333333333333333,-38.633333333333326,30.900000000000006,-298.6222222222222,-288.4666666666667,-168.83333333333337,-156.8111111111111,46.93333333333334,57.96437709788382,416.34488033686216,235.1534749692708,20.83615157056964,5.010780427030073,25.42853267961335,119.03007314576261,346.72113798017637,86.53322656524905,44.91447972742272,34.60670897459095,33.29656081908403,38.87,8.079102672945803,34.769999999999996,188.70820570393857,419.35935461129276,259.62,151.95,141.13,50.35084607034919,14.629999999999995,1.2900000000000005,17.487684237771447,27.810000000000002,268.76,38.12,15.755770371517851,8.25,17.788836386902883,138.90767713713095,33.405202846867155,169.52355119742234,793.5338209717507,2311.474253201176,576.8881771016604,299.42986484948483,230.71139316393968,221.97707212722688,221.6968307293968,2511.057370335779,438.36036710633726
0,F,8.244,-2.864,-0.15999999999999998,-36.288,-65.738,-52.312,-32.248000000000005,-10.251999999999999,-14.85,12.98,2.49,3.61,-6.69,-1.88,-29.56,-28.56,-6.88,1.25,0.81,-5.4,-4.3,-61.5,-148.31,-80.12,-36.38,-14.75,-22.87,54.96,-19.093333333333334,-1.0666666666666667,-241.92,-438.25333333333333,-348.74666666666667,-214.9866666666667,-68.34666666666666,-99.0,58.19187877664336,610.0946714149279,246.3565174475579,16.41411098512668,8.539255518006366,6.054154013461245,71.09552024516402,155.70424363457647,80.66045914563203,37.79528652082284,15.666108086682351,31.93074385952453,41.220000000000006,14.32,11.227855334312103,181.44,328.69,261.56,161.24,51.260000000000005,74.25,8.985992840477294,6.339198956080364,0.7999999999999998,12.022407992601835,76.76808547289457,5.881937098192937,5.633918107288952,5.5049138247005525,19.246994076027196,109.4274065675112,56.92837012004244,40.3610267564083,473.9701349677602,1038.0282908971765,537.7363943042136,251.9685768054856,104.44072057788235,212.87162573016354,129.7852422791106,1261.4717005559683,345.99184506749873
0,F,7.005,-5.145,2.5716666666666668,-22.875,-53.321666666666665,-34.26,-26.060000000000002,-4.865,-25.55,17.75,3.93,5.82,26.0,11.63,15.13,-21.25,-2.38,-16.5,-1.65,-14.19,0.29,-77.06,-152.19,-88.0,-33.25,-11.06,-30.25,46.7,-34.3,17.144444444444446,-152.5,-355.47777777777776,-228.4,-173.73333333333335,-32.43333333333334,-170.33333333333334,60.42608687734663,449.2073691446158,245.45597704408559,18.775131852534063,16.8529767178503,6.541120731020004,83.08036075123555,187.48375902718888,116.31381405654383,34.55918716106834,11.369457704459927,35.40434406286184,42.03,30.87,15.43,137.25,319.93,205.56,156.36,29.19,153.3,6.56112033116296,5.63,2.990451470932106,11.063647680579844,96.44999999999997,68.55926414424238,6.379999999999999,5.602776097614469,7.059999999999995,125.16754568356042,112.35317811900201,43.60747154013336,553.8690716749037,1249.8917268479258,775.4254270436256,230.3945810737889,75.79638469639951,236.02896041907894,173.7577701859975,1571.7139912549924,338.4323050149356
0,F,8.135,-5.545,0.5800000000000001,-28.345,-67.78,53.425000000000004,-23.36,20.8725,20.47,10.58,-0.48,1.33,-0.63,-4.38,113.81,-11.25,21.56,33.75,4.29,-9.67,-0.75,-52.56,-102.56,10.13,-32.25,20.06,7.19,54.233333333333334,-36.96666666666667,3.866666666666667,-188.96666666666667,-451.8666666666667,356.1666666666667,-155.73333333333335,139.15,136.46666666666667,65.74754748277688,605.5960534878014,249.47694226565753,11.98667415828477,10.738669124737676,1.9992871003502668,61.69438941656006,132.5736260583568,119.53042100059034,37.26189295365609,21.772366733238552,37.80100864000887,32.540000000000006,22.18,2.3200000000000003,113.38,271.12,213.7,93.44,83.49000000000001,81.88,2.8000000000000007,1.8800000000000008,1.26,33.74,57.24000000000001,85.67999999999999,11.439999999999998,0.9847334664770981,14.0,79.9111610552318,71.59112749825118,13.328580669001779,411.2959294437337,883.8241737223788,796.8694733372689,248.4126196910406,145.14911155492368,252.0067242667258,108.11444982201103,1259.091128222992,382.47154571627266
0,F,8.142,-2.768,2.596,18.814,-52.35,21.238,-33.8,14.612,10.75,10.04,-1.47,3.83,58.88,-27.06,37.5,-29.0,19.5,19.37,5.55,-5.19,0.77,-37.75,-80.81,-1.56,-37.38,7.56,5.25,54.28,-18.453333333333333,17.30666666666667,125.42666666666668,-349.0,141.58666666666667,-225.33333333333331,97.41333333333334,71.66666666666667,59.88626405297146,396.96301199090186,255.7353705167381,11.033063938445256,5.419789492766933,4.460703537170827,82.17484281022749,86.94827614041398,47.44091759509729,39.73923607905993,23.63547403896054,20.863466411348046,40.71000000000001,13.84,12.98,115.03916901102265,261.75,106.19,169.0,73.06,53.75,3.194207131467552,2.4063759743222417,1.1561874947875082,43.36293801454607,38.25839253274491,25.705440938367495,5.213885744702722,5.808165191945496,9.523691253222152,73.55375958963505,36.131929951779554,29.738023581138844,547.8322854015166,579.6551742694265,316.27278396731526,264.9282405270662,157.5698269264036,139.08977607565365,87.1781048103393,857.991146728219,338.1733117724687
0,F,5.632,-3.242,-2.8579999999999997,-57.138,-94.012,-9.048,-33.7,-9.426,6.438,11.33,0.48,4.39,0.12,-30.94,11.38,-20.0,-5.69,27.06,-7.43,-9.47,-14.09,-165.81,-187.81,-44.75,-38.0,-19.75,-7.06,37.54666666666667,-21.613333333333333,-19.05333333333333,-380.92,-626.7466666666667,-60.32,-224.66666666666669,-62.84,42.92,47.32777056514142,735.9007629957845,237.20477042233176,18.895883983307044,9.594952920517283,16.587130889613327,182.0420732362909,209.16870889643806,49.888458739918015,47.43080375113027,19.8520748241995,30.591891802736836,28.159999999999997,16.21,17.992817747975383,285.69,470.06,54.07055736345541,168.5,47.13,38.03861931189531,14.384460055460172,5.0242007309002386,14.290000000000001,119.26454714362748,136.42277380114425,45.239999999999995,15.666221551471168,11.510701327988636,22.346110194946778,125.97255988871363,63.96635280344856,110.58087259742219,1213.6138215752726,1394.458059309587,332.5897249327868,316.2053583408685,132.34716549466336,203.9459453515789,179.41267937439125,1878.2938301082886,398.86783460602345
0,S,8.017,-4.293,3.418,0.306,-0.223,0.11800000000000002,-41.626,3.0629999999999997,-6.481999999999999,8.09,-4.19,3.51,2.81,2.38,0.94,-41.06,3.69,-5.69,7.95,-4.38,3.28,-1.12,-2.56,-0.69,-42.19,2.19,-7.25,53.446666666666665,-28.62,22.78666666666667,2.04,-1.4866666666666668,0.7866666666666668,-277.50666666666666,20.419999999999998,-43.21333333333333,64.76791455308374,2.643978483691239,281.5924690438688,8.118649998572632,4.464915305854939,3.5976452374261685,3.4973570648450476,2.9876972625475755,1.676840965264288,42.61453008410605,4.263988820232048,7.960918641847391,80.16999999999999,42.93,34.18,6.0600000000000005,8.268081283970321,2.3538812937293274,416.26,30.630000000000003,64.82000000000001,0.010000000000000668,0.12228158653084213,0.10000000000000055,0.6548312818902959,0.3937964483813778,0.9399999999999998,0.27193495504995224,0.3700000000000001,0.799999999999999,54.12433332381755,29.76610203903293,23.984301582841123,23.315713765633653,19.91798175031717,11.178939768428586,284.0968672273737,28.42659213488032,53.072790945649274,66.26244042262934,32.639197290268655,290.40630545422295
0,W,8.254000000000001,-4.204,3.588,17.324,-14.376,2.924,-41.238,0.12400000000000003,-5.3740000000000006,11.87,-3.3,4.73,42.31,-2.13,16.56,-40.56,0.56,-2.56,7.13,-4.59,0.57,-5.56,-32.56,-14.69,-42.19,-1.25,-8.06,55.02666666666668,-28.026666666666667,23.92,115.49333333333335,-95.84,19.493333333333332,-274.92,0.8266666666666669,-35.826666666666675,66.22382115892204,151.34069409411632,277.2458111896774,11.884870138358101,5.15848029606706,6.669499842434737,45.179796620995184,32.9498515913743,20.805692498651023,42.32405582567911,1.516993519501208,8.506554514342252,41.269999999999996,21.02,17.94,86.62,71.88,39.34611683438858,206.19,1.956245731564878,26.870000000000005,4.397619822116928,0.9685753004237975,3.331864705372991,17.147657499027282,10.798842042545786,5.358114412238981,1.3473576945559043,0.6200000000000001,0.770419353505328,79.23246758905401,34.38986864044707,44.46333228289825,301.1986441399679,219.66567727582867,138.70461665767348,282.16037217119407,10.113290130008055,56.71036342894835,97.14646109384078,397.7594796946462,287.98058889668914
0,W,8.0,-4.588,2.994,-21.724,5.166,5.35,-42.186,-0.1,-3.3739999999999997,9.62,-3.12,4.07,-18.31,15.63,25.94,-41.06,1.37,-2.25,6.38,-7.26,1.49,-27.0,-6.5,-16.69,-42.75,-1.25,-4.56,53.333333333333336,-30.58666666666667,19.96,-144.82666666666668,34.440000000000005,35.666666666666664,-281.24,-0.6666666666666667,-22.493333333333332,64.64046892019134,153.07837237470514,282.1388524980012,10.264689087812972,7.505763985803481,4.773148945510731,27.5902201120685,22.00804263063207,36.7487543526206,43.355338121089474,1.6811743885084582,5.285363874875604,40.0,22.94,14.969999999999999,108.62,25.830000000000002,42.827406020310114,210.93,2.7838243516584478,16.87,2.489945003774619,2.2542779140203253,1.8220557781765816,5.4879015007969265,16.661010274302157,26.75,1.0568108721570626,0.5,1.9232647022194995,68.43126058541982,50.038426572023205,31.82099297007154,183.93480074712335,146.7202842042138,244.99169568413734,289.03558747392987,11.207829256723056,35.235759165837365,90.54974960050819,339.67599808793994,291.3910516591759
0,S,7.75,-4.370434782608696,3.9143478260869564,-0.43217391304347824,0.5060869565217392,-0.29608695652173916,-42.19826086956522,0.26217391304347826,-12.382608695652175,7.88,-4.2,4.03,1.88,4.38,1.56,-41.0,1.5,-11.19,7.62,-4.51,3.82,-3.19,-2.25,-2.06,-43.19,-0.75,-14.0,51.66666666666667,-29.13623188405797,26.095652173913045,-2.881159420289855,3.3739130434782614,-1.9739130434782612,-281.3217391304348,1.7478260869565219,-82.55072463768117,64.80237275924311,4.8559964511201335,293.18867294220104,7.980318025717385,4.651234348379923,4.0975468116568985,4.579348135068225,5.456567812066724,3.449056033385407,44.35874780058253,2.343312765064548,15.622982516370062,178.25000000000003,100.52,90.03,13.528101500952516,11.64,9.861811631372834,970.56,6.029999999999999,284.8,0.02768596794771179,0.046485985126785145,0.02167213550814979,0.6114320096238063,0.6897438992654537,1.189117269440739,1.0924506907406226,0.17665990976109217,0.054315953976826516,53.20212017144924,31.008228989199488,27.316978744379323,30.528987567121497,36.377118747111496,22.993706889236048,295.7249853372169,15.622085100430322,104.15321677580042,67.36611302060427,52.76385511619683,313.9191122890244
0,T,8.078333333333333,-3.8249999999999997,3.453333333333333,-44.541666666666664,24.541666666666668,-22.98,-39.16833333333333,-1.8866666666666667,-17.623333333333335,8.35,-3.21,3.87,-7.69,41.56,-3.19,-34.69,0.69,-13.06,7.68,-4.47,2.91,-64.0,-0.25,-38.88,-41.69,-3.88,-24.87,53.855555555555554,-25.5,23.022222222222222,-296.94444444444446,163.61111111111111,-153.20000000000002,-261.1222222222222,-12.57777777777778,-117.48888888888891,63.88030666995043,372.0414476445227,286.61237664211995,8.556039187576216,4.743322843901129,4.125697948517796,86.99391067578279,56.42543948968446,44.69632662270371,44.478646276006664,4.943537039623588,26.817279507494277,48.47,22.95,20.72,267.25,147.25,137.88,235.01,11.32,105.74000000000001,0.41000000000000014,0.599249530663146,0.6599999999999997,5.990000000000013,26.6409590668204,0.7600000000000051,3.25,1.0311643903859362,5.119999999999999,57.04026125050811,31.62215229267419,27.50465299011864,579.9594045052186,376.1695965978964,297.97551081802476,296.5243085067111,32.95691359749059,178.7818633832952,70.78176216550517,752.7588467271139,347.81572472224263
0,W,8.271818181818183,-3.9745454545454546,3.7236363636363636,3.7963636363636364,-2.5454545454545454,2.327272727272727,-14.659090909090908,31.13,-25.94818181818182,10.62,-2.67,5.19,35.56,18.37,20.31,-13.0,33.75,-23.87,5.81,-5.37,1.22,-27.87,-23.25,-13.38,-17.75,26.69,-28.19,55.145454545454555,-26.4969696969697,24.824242424242424,25.30909090909091,-16.96969696969697,15.515151515151516,-97.72727272727272,207.53333333333333,-172.9878787878788,66.02540096117919,34.19416067731564,287.3073449925794,12.799304128278619,6.650426158350206,6.6708525523797215,57.51503753425744,42.08822505145004,34.71646766905878,18.221330189595605,36.062718476274355,29.14735250817164,90.99000000000001,43.72,40.96,106.60812282362882,86.0206892670059,59.49660482615439,161.25,342.43,285.43,1.621167475354404,2.2967568542367798,0.5860487599606202,34.502063116522564,19.46704274742106,6.158954173848315,1.1640266445162852,1.6508746147774782,1.2511841746245083,85.32869418852412,44.33617438900138,44.472350349198145,383.43358356171626,280.58816700966696,231.4431177937252,121.47553459730403,240.41812317516238,194.31568338781094,105.9456103713242,528.5044458118631,332.1381704460364
0,T,7.97625,-4.10125,2.9987500000000002,55.0925,-33.2025,23.337500000000002,-22.085,14.11625,-29.876250000000002,9.44,-0.51,4.08,88.81,5.63,46.13,-16.37,26.19,-26.75,6.95,-7.16,1.43,18.44,-80.81,-4.5,-29.19,3.56,-32.38,53.175000000000004,-27.34166666666667,19.99166666666667,367.28333333333336,-221.35000000000002,155.58333333333334,-147.23333333333335,94.10833333333335,-199.175,63.04612674242743,456.17874024942853,264.9617207677785,9.862692344007673,8.240012447352107,5.374519015528257,106.17449220427581,90.58356443037957,63.65903940923481,33.47440115942756,33.379778366079385,33.35643364392337,63.809999999999995,32.81,23.990000000000002,440.74,265.62,186.70000000000002,176.68,112.93,239.01,0.22999999999999687,0.42999999999999616,1.647513647371174,15.584120122740318,8.259999999999991,21.72206251717364,6.812341741281045,10.125964180033115,0.37000000000000455,65.75128229338449,54.93341631568072,35.830126770188386,707.8299480285054,603.8904295358639,424.3935960615654,223.16267439618372,222.5318557738626,222.37622429282246,92.8693132078837,1022.6518520929368,385.71127959725
0,S,8.553076923076922,-4.775384615384615,3.9661538461538464,2.731538461538462,-1.9523076923076923,-2.206923076923077,-30.45230769230769,2.8261538461538462,-27.73923076923077,15.74,-4.0,11.28,29.25,8.31,5.0,-29.56,3.25,-26.06,7.59,-8.83,3.02,-13.56,-22.5,-36.06,-31.75,2.19,-28.75,57.02051282051282,-31.835897435897436,26.441025641025643,18.210256410256417,-13.015384615384615,-14.712820512820514,-203.01538461538462,18.84102564102564,-184.92820512820512,70.45559654713473,26.785831378849295,275.26109730522734,15.760007811893908,8.898929567224581,11.296817592074259,34.142995555892476,26.300180475556104,36.74080192334877,32.23255211632921,3.801597977036371,30.46049764387846,111.19,62.08000000000001,51.56,66.37009819725604,50.52086587913607,43.469998214602874,395.88,36.74,360.61,7.260197033482213,3.118890945822017,7.133795808353484,15.527400420667202,13.476377572883782,27.261899062961344,1.1877246509128654,0.27179794947824865,1.2024892110778953,105.06671874595939,59.32619711483054,75.31211728049506,227.6199703726165,175.33453650370737,244.9386794889918,214.88368077552806,25.343986513575807,203.06998429252306,142.23406083432093,377.5553036486334,296.74017664718895
0,S,7.958,-4.6695,3.1085000000000003,1.738,-1.466,0.994,-30.535000000000004,3.6505,-27.562,8.3,-4.48,3.35,18.0,3.75,10.44,-29.56,4.69,-26.37,7.63,-5.29,2.76,-8.31,-12.69,-1.69,-31.75,2.88,-28.75,53.053333333333335,-31.130000000000003,20.723333333333336,11.586666666666668,-9.773333333333333,6.626666666666667,-203.5666666666667,24.33666666666667,-183.74666666666667,64.90908736241961,16.543324937871468,275.3080068456661,8.63671659623714,5.539811486290085,3.6605139555807282,24.87746753060147,17.331723048447515,12.442770631945729,32.55392279639966,5.251734290432209,29.876803891536035,159.16,93.39,62.17,43.545484467189674,29.32,24.837871228272547,610.7,73.00999999999999,551.24,0.1432096549095791,0.10999999999999416,0.35704167513494456,11.670396996113839,2.459999999999999,7.6800956873903,0.3765634076752525,0.12041594578792289,0.49999999999999956,57.578110641580935,36.93207657526723,24.403426370538188,165.84978353734314,115.54482032298344,82.95180421297152,217.02615197599775,35.011561936214726,199.17869261024023,72.62743506305188,218.48972063930435,296.6450938421986
0,W,7.994285714285714,-4.478571428571429,3.212380952380952,12.628095238095238,-4.217142857142857,4.295714285714285,-39.51095238095238,-2.9976190476190476,-13.174285714285716,9.8,-2.66,4.27,43.69,26.25,38.19,-34.0,1.06,-6.56,5.75,-6.53,1.78,-24.56,-22.37,-19.06,-43.69,-5.88,-22.06,53.29523809523809,-29.857142857142858,21.415873015873014,84.18730158730159,-28.114285714285714,28.638095238095236,-263.4063492063492,-19.984126984126984,-87.82857142857145,64.7338474080751,93.26336530836733,278.3812639038744,11.99680932142434,8.251201041299256,5.750163584952967,82.86062038514956,52.401130606704534,53.7070900511067,50.009595294190525,10.295538316650957,28.20212477500137,167.88,94.05000000000001,67.46000000000001,265.19,114.63151856460784,90.28577270209415,829.73,62.949999999999996,276.66,2.1278862751566376,0.032522028442558575,1.2341512438606614,19.405038891529493,16.200293249538106,11.246698875615865,2.2848757211619963,2.624594042473549,3.654980861199493,79.9787288094956,55.00800694199504,38.33442389968645,552.4041359009971,349.34087071136355,358.04726700737797,333.39730196127016,68.63692211100638,188.0141651666758,104.36477348911494,745.2430601631614,388.86259055770427
0,S,7.963684210526316,-4.292631578947368,3.547894736842105,-0.6778947368421053,-0.47,-0.49105263157894735,-41.131052631578946,-5.136842105263158,-16.512105263157896,8.62,-4.02,3.82,4.31,4.69,2.94,-39.69,-4.25,-14.38,7.5,-4.83,3.34,-8.88,-6.25,-4.75,-41.88,-5.75,-18.37,53.09122807017544,-28.617543859649125,23.652631578947368,-4.519298245614036,-3.1333333333333333,-3.2736842105263158,-274.20701754385965,-34.24561403508772,-110.08070175438597,64.78494651666963,6.39990958692677,297.4558983272593,8.939029749254637,4.913432106130213,3.987614986292408,14.850026345983986,11.66436628364765,7.963507375379318,43.23811713592536,7.09695120471972,20.104839704620016,151.31,81.56,67.41,27.860172218787444,26.50092546965916,15.563444145770202,781.49,97.6,313.73,0.5230476752521026,0.267229760313188,0.0774631520528571,5.1727878662420625,2.6628300106734253,3.8866774210322035,0.7048997002011843,0.9890589493526946,0.15680256614247226,59.59353166169758,32.75621404086809,26.584099908616054,99.00017563989324,77.76244189098433,53.09004916919545,288.25411423950237,47.313008031464804,134.0322646974668,73.01419685346266,136.625713049799,321.3932219025743
0,T,8.112222222222222,-4.633333333333334,3.592222222222222,-43.51444444444444,26.70111111111111,-21.16,-33.562222222222225,-2.0555555555555554,-27.47222222222222,8.88,-3.18,4.19,-9.25,47.0,-4.69,-23.87,7.06,-18.0,7.02,-6.95,2.94,-70.06,6.56,-37.94,-40.75,-6.5,-36.06,54.08148148148148,-30.888888888888893,23.948148148148146,-290.0962962962963,178.0074074074074,-141.06666666666666,-223.74814814814818,-13.703703703703702,-183.14814814814815,66.7266355794116,368.43222261520464,289.4723984510796,9.551044919541548,7.273926220583874,4.419809099110448,80.86575425262453,60.57569212069356,45.56209706638606,48.29496683271523,13.667661861329584,43.69309524241433,73.00999999999999,41.7,32.33,391.63,240.31,190.44,302.06,25.74999337887646,247.25,0.8536762390178084,1.3912154550807905,0.15884500220141798,8.652255045605905,18.475275219412666,4.08195200367341,8.988974857189797,7.21311555908118,9.203853866822582,63.67363279694366,48.49284147055916,29.465393994069654,539.1050283508303,403.8379474712904,303.74731377590706,321.9664455514349,91.11774574219723,291.28730161609553,85.28831473698233,738.9057788629437,443.6362561073554
0,W,7.904,-4.134666666666667,3.5540000000000003,-15.708,5.5200000000000005,-6.1706666666666665,-15.420666666666667,24.437333333333335,-31.028666666666666,9.4,-3.16,4.38,8.63,23.75,10.38,-13.25,28.5,-25.75,6.29,-5.27,1.87,-61.5,-12.0,-26.56,-18.87,16.06,-36.75,52.693333333333335,-27.564444444444447,23.693333333333335,-104.72,36.800000000000004,-41.13777777777778,-102.80444444444446,162.91555555555558,-206.85777777777778,64.01374867755432,118.37582168877995,282.66653899368185,10.585180391381725,6.335148126649892,6.046004994052282,78.29120292603241,43.24848742894762,37.43950510053573,20.23455623757064,35.001602907714684,41.019327189639654,118.56,62.02,53.309999999999995,235.62,98.17910337228746,92.56,231.31,366.56,465.43,1.0149425315695129,1.4094925440221928,1.0623584418063374,19.412373449574936,19.342715349017276,10.486710637754813,1.7288470248680914,5.888768767449233,4.853339056773181,70.56786927587817,42.234320844332615,40.30669996034855,521.9413528402162,288.32324952631745,249.59670067023822,134.89704158380428,233.34401938476458,273.46218126426436,91.58707383148028,646.4144065594135,383.9638105245199
0,S,8.0025,-4.3549999999999995,3.4225,2.464166666666667,-0.7708333333333334,0.7799999999999999,-17.250833333333333,18.784166666666668,-30.633333333333336,8.18,-3.89,3.58,15.63,7.44,5.31,-16.69,19.87,-29.25,7.84,-4.61,3.06,-7.19,-15.38,-3.13,-18.56,16.87,-32.06,53.35,-29.03333333333333,22.816666666666666,16.42777777777778,-5.138888888888889,5.199999999999999,-115.00555555555556,125.22777777777779,-204.22222222222226,64.88264191771341,17.981102906340176,265.73481176764403,8.311506291446014,4.873436344098285,3.8504392369281546,23.151827039155418,16.892784263102424,8.65952092585112,19.172449772885543,21.16047350415896,32.773310762980906,96.03,52.26,41.07,47.269838563374364,25.438406003521525,19.710889181051297,207.01,225.41000000000003,367.6,0.09089728240327875,0.33765626733846565,0.23430749027720005,9.209999999999999,9.247307716303162,2.575082074869627,0.9021108884810121,0.41725292090050436,0.6200000000000044,55.41004194297343,32.4895756273219,25.669594912854365,154.34551359436946,112.61856175401617,57.73013950567414,127.81633181923695,141.06982336105975,218.4887384198727,69.1720563201325,199.59520792242844,289.784469147595
0,S,8.020624999999999,-4.3393749999999995,3.40625,1.8175,-1.3562500000000002,1.25125,-17.695625,17.89375,-30.830000000000002,8.22,-4.17,3.52,4.88,0.88,3.19,-16.69,18.75,-29.69,7.83,-4.81,3.35,-1.5,-4.69,-1.06,-19.0,16.19,-32.38,53.47083333333333,-28.929166666666664,22.708333333333336,12.116666666666667,-9.041666666666668,8.341666666666667,-117.97083333333333,119.29166666666667,-205.53333333333336,64.8975739466944,17.26698439218615,265.3140975609539,8.420766142636102,4.8744055505919555,3.594177046886417,8.422777079228837,6.975633796559479,5.862272048136026,20.134199839128957,19.98440385785584,33.386687196589875,128.32999999999998,69.43,54.5,29.08,21.7,20.02,283.13,286.3,493.28000000000003,0.29901816614727644,0.29293905525001973,0.11999999999999744,2.5600000000000005,0.7319552428656905,2.5695897994647527,1.7181511685536563,1.2425539787886015,1.5590931257177552,56.13844095090735,32.49603700394637,23.961180312576115,56.15184719485892,46.50422531039653,39.08181365424017,134.2279989275264,133.22935905237227,222.5779146439325,69.14951290741062,82.72279657760407,292.0755825070553
0,W,7.82,-4.332941176470588,3.7658823529411762,2.841764705882353,4.587058823529412,0.5988235294117646,-42.55705882352942,1.5452941176470587,-1.1076470588235292,11.22,-1.88,5.35,24.69,21.81,16.44,-39.75,4.0,2.69,6.26,-7.44,0.7,-27.0,-20.25,-20.19,-44.0,-0.5,-5.38,52.13333333333334,-28.886274509803922,25.105882352941176,18.945098039215686,30.580392156862747,3.9921568627450976,-283.7137254901961,10.301960784313724,-7.384313725490195,64.6730749865809,36.19412163044946,283.996719200635,12.184096344972058,9.137957412544129,8.177582086653016,58.53235381743773,48.630188322601924,31.433821863046813,46.130151029472515,4.99205921980134,8.557673375024144,132.94,73.66,64.02,96.18420953705035,77.98,82.71106521672,723.4699999999999,26.27,21.932593545209752,0.7521336231879646,2.4977715629629467,1.4549742121950853,36.49536409277479,12.417759883869097,10.180000000000001,0.8962388329737939,2.0590155697621,1.9581875860348066,81.2273089664804,60.91971608362753,54.517213911020114,390.21569211625155,324.20125548401285,209.55881242031208,307.53434019648347,33.2803947986756,57.0511558334943,115.24415014336206,548.8985664894625,314.546959069675
0,T,8.028947368421052,-4.0815789473684205,3.711578947368421,-51.58578947368421,25.94263157894737,-24.27263157894737,-28.132631578947368,9.460526315789474,-24.32578947368421,9.3,-3.24,4.31,-21.44,41.31,-7.94,-14.69,33.88,-9.38,7.44,-4.77,3.01,-97.19,11.81,-52.69,-42.38,-5.0,-34.56,53.526315789473685,-27.210526315789473,24.743859649122808,-343.90526315789475,172.9508771929825,-161.81754385964913,-187.55087719298245,63.0701754385965,-162.1719298245614,64.94411301043552,417.5736503304446,255.83766999551688,9.772121470456854,5.974558703491352,4.888180632925302,117.81657908483938,61.678655507032616,65.70308638475906,59.020606664921964,52.31438642484013,43.58281067010239,152.54999999999998,77.55,70.52,980.13,492.91,461.18,534.52,179.75,462.19,1.1411319994085396,0.48535405963482414,0.4083000250899129,25.652896759041937,6.949667743816044,10.268554450529873,12.949564909289855,16.569026792238255,6.255751181720528,65.14747646971236,39.83039135660902,32.58787088616868,785.4438605655959,411.1910367135508,438.02057589839376,393.4707110994798,348.7625761656009,290.55207113401593,83.02182300387025,988.8691276827851,600.7287583153175
0,W,7.7524999999999995,-4.57,3.3381250000000002,-3.406875,0.6206250000000001,1.1243749999999997,-15.735,38.696875,-17.0475,10.54,-1.17,4.94,34.75,27.06,23.56,-11.25,44.38,-13.0,4.59,-9.52,0.05,-37.19,-18.19,-25.94,-19.56,33.38,-21.69,51.68333333333333,-30.46666666666667,22.25416666666667,-22.7125,4.137500000000001,7.495833333333332,-104.9,257.9791666666667,-113.65,63.989316735295745,24.272702360081603,300.7882692759606,12.714276272961452,10.72870873955361,7.8539938869599,60.248090664956514,39.13524454646082,51.113344381103566,21.36240308033382,46.36376379598154,23.295032178652473,124.03999999999999,73.12,53.41,134.23261897950331,64.79815939752162,86.82613111659106,251.76,619.15,272.76,1.0687625075911817,0.519999999999996,1.7691592532914964,17.129999999999992,1.0499999999999963,2.1300000000000026,1.7760299903571808,1.0756629416468089,0.5914216579016609,84.76184181974303,71.52472493035741,52.359959246399335,401.65393776637677,260.9016303097388,340.7556292073571,142.4160205355588,309.09175863987696,155.30021452434983,122.6455112807763,587.8009401642854,374.0831388817006
0,T,8.211666666666666,-4.87,3.26,69.665,-50.531666666666666,41.93666666666667,-19.323333333333334,23.478333333333335,-27.353333333333335,9.46,-4.06,3.85,124.62,-15.19,57.19,-15.75,32.25,-21.25,7.31,-6.75,2.38,12.94,-86.5,23.06,-26.5,11.69,-31.25,54.74444444444444,-32.46666666666667,21.733333333333334,464.4333333333334,-336.8777777777778,279.5777777777778,-128.82222222222222,156.52222222222224,-182.35555555555558,67.25605117573501,638.2387422420904,272.66814927605617,9.544379824062235,6.94176739508034,4.214794110936269,136.99190219837445,90.98319298651252,67.25147191216737,27.265985761917907,39.02723370729037,35.145302967283534,49.27,29.22,19.560000000000002,417.99,303.19,251.62,115.94,140.87,164.12,0.14999999999999858,1.379999999999999,0.4539823785126464,33.2834959101354,12.430000000000014,21.206784291825098,6.568569098365337,8.750000000000004,3.7400000000000038,63.62919882708157,46.2784493005356,28.098627406241796,913.279347989163,606.5546199100835,448.34314608111583,181.77323841278604,260.1815580486025,234.30201978189024,83.54581183490484,1184.4826934302118,394.5039794799834
0,S,7.9504166666666665,-4.422083333333333,3.30875,1.1641666666666668,-1.4566666666666668,0.6508333333333333,-30.031666666666666,3.9470833333333335,-29.624583333333334,8.33,-4.17,3.7,12.0,3.69,5.56,-27.37,5.25,-28.06,7.63,-4.63,2.99,-5.81,-5.44,-3.44,-31.5,3.0,-31.69,53.00277777777778,-29.480555555555554,22.058333333333334,7.761111111111112,-9.711111111111112,4.338888888888889,-200.2111111111111,26.31388888888889,-197.49722222222223,64.536560781228,13.166870603202627,282.4571871032782,8.705012871051544,4.957519197475658,3.986265235337838,17.579304165543185,10.017322118828462,8.496349898401352,34.20832217453512,6.64034713039531,33.57081912245465,190.81,106.13,79.41,44.52385678389783,34.96,26.556446019703383,720.76,94.72999999999999,710.99,0.36373066958946376,0.29612515056365857,0.1247122623486859,4.4080381123579215,2.704144966528238,0.9908024710429892,0.5235281130913843,0.9883825170448919,1.1518655130445035,58.033419140343625,33.05012798317105,26.57510156891892,117.19536110362124,66.78214745885641,56.64233265600902,228.05548116356746,44.26898086930207,223.80546081636436,71.87784582346042,146.29751102509778,322.58011322333266
0,S,7.984761904761905,-4.490952380952381,3.2247619047619045,1.5014285714285716,-0.5633333333333334,0.7895238095238094,-30.75904761904762,3.129047619047619,-28.671904761904763,8.14,-4.34,3.4,7.31,2.44,2.94,-29.56,4.06,-27.37,7.65,-4.95,3.07,-1.81,-5.13,-0.88,-32.56,1.5,-29.69,53.231746031746034,-29.93968253968254,21.498412698412697,10.009523809523811,-3.755555555555556,5.263492063492063,-205.0603174603175,20.86031746031746,-191.14603174603175,64.74708583956928,11.916338075379207,281.1079723055296,8.501853009231187,4.989049678167503,3.51964991339026,9.250272591269853,6.933498046410997,4.543520254967759,33.09668024518593,5.969087757779834,31.49747052931117,167.68,94.31,67.72,31.529999999999994,13.744817575274737,16.58,645.94,65.71,602.11,0.26918298787406963,0.18562174082749883,0.06667826686199398,2.6465256192614612,1.2926364608145622,1.4345044463997925,0.10440306508910326,1.0426583896525545,1.6400306455044011,56.67902006154125,33.26033118778336,23.464332755935068,61.668483941799025,46.223320309406645,30.290135033118393,220.6445349679062,39.79391838519889,209.98313686207447,69.78062666341481,82.80754514191611,307.18151721431445
0,S,8.034,-4.36,3.38,1.0,-1.652,-0.3620000000000001,-31.988,2.028,-28.026,8.33,-3.86,3.58,13.31,3.38,5.81,-30.69,2.25,-27.69,7.77,-4.61,3.21,-2.56,-10.19,-2.75,-33.0,1.88,-28.56,53.56000000000001,-29.06666666666667,22.533333333333335,6.666666666666667,-11.013333333333334,-2.413333333333334,-213.25333333333333,13.520000000000001,-186.84,64.97150007674307,13.098172900574085,283.8467195120947,8.436032401799995,4.87343289351588,3.626214565973978,13.322940663469975,11.331232392923678,6.659819014254931,33.40188103186332,2.3589380606699692,28.77875251562553,40.17,21.8,16.9,15.583316984657408,12.30956173331691,8.282950921449267,159.94,10.14,140.13,0.30353536764707334,0.4511234419342979,0.14956349681618258,5.0,8.26,1.8100000000000005,1.1492336486480759,0.2286725758374613,0.5222752608806475,56.24021601199997,32.4895526234392,24.174763773159853,88.81960442313317,75.54154928615786,44.39879342836621,222.6792068790888,15.726253737799796,191.8583501041702,69.30333419277693,124.76658469449907,294.3517805918966
0,S,8.036666666666667,-4.405,3.3533333333333335,-1.2283333333333333,1.2816666666666667,-1.5916666666666668,-32.050000000000004,1.5416666666666667,-28.353333333333335,8.08,-4.3,3.65,0.94,2.69,0.44,-31.5,2.25,-27.69,7.99,-4.51,3.18,-2.5,0.19,-3.5,-33.0,1.06,-28.87,53.57777777777778,-29.36666666666667,22.355555555555558,-8.188888888888888,8.544444444444446,-10.611111111111112,-213.6666666666667,10.277777777777779,-189.02222222222224,65.05958996883996,15.895317269910379,285.4618672508134,8.09526969536455,4.559738438832976,3.6722717816876056,3.450459843439502,3.30239679707001,4.011908175769214,33.02796067486242,2.462989182661109,29.19688194440985,48.22,26.43,20.119999999999997,7.37,7.6899999999999995,9.55,192.3,9.25,170.12,0.017320508075689946,0.1385640646055103,0.34641016151377535,0.13,1.9551726266496265,0.69,0.6609084656743304,0.7873372847769881,0.8799999999999988,53.96846463576367,30.398256258886505,24.481811877917373,23.003065622930016,22.0159786471334,26.746054505128097,220.1864044990828,16.419927884407397,194.645879629399,66.60336531698937,41.58359983737749,294.34450090780587
0,W,8.458571428571428,-3.665714285714286,4.08,-2.1357142857142857,-0.42857142857142855,-3.447142857142857,-31.16714285714286,0.5700000000000001,-28.65857142857143,10.21,-3.07,4.8,12.75,12.38,2.56,-29.5,1.06,-27.37,7.58,-4.89,3.44,-10.63,-14.19,-12.25,-31.87,0.0,-29.69,56.39047619047619,-24.43809523809524,27.200000000000003,-14.238095238095239,-2.857142857142857,-22.98095238095238,-207.7809523809524,3.8000000000000007,-191.05714285714288,67.20823092341351,27.18475296284286,282.2945199770451,10.305621543762149,4.977142453762599,5.232139793985877,21.318626292776855,18.666860963474942,14.177559739537717,32.899292380859535,1.5749581653028544,30.393656817248573,59.21,25.66,28.56,35.97422293078233,46.7135391131326,24.13,218.17000000000002,3.99,200.61,0.8907376523037204,1.2929591358709274,0.8562081117153539,7.784918448753081,2.9999999999999987,7.57797761623413,1.7830632178152754,0.8532547345906024,1.7434179888822505,68.70414362508099,33.18094969175066,34.88093195990585,142.12417528517904,124.44573975649962,94.51706493025145,219.3286158723969,10.499721102019029,202.62437878165716,83.89227728518178,211.23328077522274,298.7840771533418
0,W,7.7379999999999995,-3.5120000000000005,3.6,-22.25,9.114,-11.66,-25.972,5.438,-31.95,9.72,-0.87,4.47,0.75,16.81,2.63,-22.87,8.19,-30.87,7.02,-5.45,2.06,-33.19,2.5,-23.62,-28.37,1.75,-33.0,51.586666666666666,-23.413333333333338,24.0,-148.33333333333334,60.760000000000005,-77.73333333333333,-173.14666666666668,36.25333333333333,-213.0,61.52534726074739,178.14888854238998,276.8809714580537,9.731419906360768,6.49287072481489,5.32545048605707,45.389923312538,18.422020825692506,33.499582746111386,29.80600258524826,9.804739055984967,33.374337488004144,38.69,17.560000000000002,18.0,111.25,45.56999999999999,58.3,129.86,27.189999999999998,159.75,2.2176254115038536,1.9025300190910988,1.5291928250688758,21.551257115427358,3.707159406598312,24.461217115236337,4.126535683188905,4.892332483303334,1.3185257673439763,64.8761327090718,43.28580483209927,35.50300324038047,302.5994887502534,122.81347217128338,223.33055164074258,198.70668390165508,65.36492703989978,222.49558325336096,85.69152078434686,395.63383934496767,305.38697497008116
0,T,8.355,-3.69625,2.4075,65.07875,-40.78875,23.92125,-29.36,-1.0062499999999999,-24.35,10.63,-2.16,4.62,108.69,-15.13,58.0,-22.87,4.75,-9.75,5.91,-4.62,0.71,27.31,-63.06,-4.81,-37.38,-5.56,-32.5,55.7,-24.64166666666667,16.05,433.85833333333335,-271.925,159.47500000000002,-195.73333333333335,-6.708333333333333,-162.33333333333334,62.98654011859289,536.2914642736521,254.37895082926968,11.859555815799789,5.638692537557666,5.4614106323982465,124.03559157556808,70.45971827935769,65.603156116717,40.93006893882608,8.658056839833431,42.88130086793345,66.84,29.57,19.26,520.63,326.31,191.37,234.88,17.26619263153018,194.8,2.2066634403585335,0.20024984394500892,1.0712251045621752,8.370000000000005,12.853090830520703,1.009999999999991,8.260000000000005,2.430000000000001,11.560000000000002,79.06370543866527,37.591283583717775,36.40940421598831,826.9039438371206,469.73145519571796,437.3543741114467,272.8671262588406,57.72037893222288,285.8753391195563,94.81465516747264,1046.7552822355785,399.3905610471519
0,S,8.1425,-4.198125,3.344375,-0.379375,0.91875,-0.5093749999999999,-38.03875,5.53,2.11375,8.56,-3.89,3.7,10.75,10.0,6.25,-37.06,6.38,3.19,7.92,-4.77,2.93,-5.44,-4.25,-9.75,-38.56,4.88,0.88,54.28333333333334,-27.9875,22.295833333333334,-2.529166666666667,6.125,-3.395833333333333,-253.59166666666667,36.86666666666667,14.091666666666667,65.01603354600738,7.446072324088422,256.64461728883646,8.663741923907073,4.897923086156783,3.9133045416056556,15.240943728196646,14.162734216572282,11.647780378539949,39.372972738306224,7.309369170342402,4.405894724610653,130.28000000000003,67.17,53.510000000000005,22.689999999999998,22.691825971182826,16.88006583534971,608.62,88.47999999999999,33.81999999999999,0.26419689627246284,0.12780146187632493,0.2279154287152332,6.0699999999999985,0.4400000000000013,3.130000000000001,0.45422632427690035,0.5659792135606617,0.726375632144676,57.758279492713825,32.65282057437855,26.088696944037704,101.60629152131098,94.41822811048189,77.65186919026632,262.4864849220415,48.72912780228268,29.372631497404356,71.29407864373343,158.96053933281323,268.58226699501705
0,S,8.127391304347826,-4.181304347826087,3.2965217391304344,1.193478260869565,-0.6513043478260869,0.6891304347826087,-37.86739130434783,5.2330434782608695,2.251304347826087,8.47,-3.89,3.66,9.19,8.63,4.44,-37.06,7.5,3.69,7.92,-4.42,3.06,-5.88,-14.25,-2.94,-38.56,3.75,0.5,54.18260869565218,-27.87536231884058,21.976811594202896,7.956521739130435,-4.3420289855072465,4.594202898550725,-252.44927536231884,34.88695652173913,15.008695652173913,64.77477253777037,10.161995580066552,255.29002587545244,8.717885188310724,4.748367303767111,3.985479496095962,17.296777601424665,22.192788105139993,9.158878141292123,39.4745767146059,8.256920280585765,5.423335732900058,186.92999999999998,96.16999999999999,75.82000000000001,36.02858749755162,39.59338684956276,22.690796009893553,870.95,120.35999999999999,51.78,0.15874367619393678,0.20477872827973162,0.20025269401346707,2.4962204699933,5.842992354282187,0.9246470488858338,0.391574004437953,0.5597582243936648,0.7207394382414738,58.119234588738166,31.655782025114075,26.569863307306413,115.31185067616444,147.9519207009333,61.05918760861415,263.16384476403937,55.0461352039051,36.155571552667055,71.31543732580809,197.26839112458245,271.2793975704348
0,S,7.9975,-4.410833333333334,3.3349999999999995,4.329166666666667,-1.5575,2.4858333333333333,-36.895833333333336,8.621666666666666,4.3075,8.28,-4.09,3.67,8.75,7.69,4.88,-36.25,10.5,5.25,7.6,-4.73,3.09,1.5,-7.69,-0.06,-37.75,6.38,2.5,53.31666666666666,-29.40555555555556,22.23333333333333,28.86111111111111,-10.383333333333335,16.572222222222223,-245.97222222222226,57.477777777777774,28.71666666666667,64.82032669685042,34.86281536338866,254.22563991001053,8.526696916398873,4.985554648335889,3.8443727709634836,11.314368010066815,13.263530062357141,6.054966760467736,38.49936364454314,12.48685106390497,6.723486433481406,95.97000000000001,52.93,40.019999999999996,51.95,23.706944606568303,29.830000000000002,442.75,103.46,51.69,0.010000000000001535,0.2500000000000018,0.1228820572744455,4.090869567964461,2.5500000000000025,1.402956686189035,0.9235005118062735,2.6916572006893458,0.6670601288424337,56.84464610932582,33.23703098890593,25.629151806423224,75.42912006711211,88.4235337490476,40.36644506978491,256.66242429695427,83.24567375936647,44.82324288987604,70.66022532209101,123.03545571232601,273.52251342221444
0,S,8.218636363636364,-3.9686363636363637,3.269545454545455,0.3899999999999999,2.35,0.3168181818181817,-41.23227272727273,20.345,11.566363636363636,9.52,-2.47,4.03,25.81,13.06,23.87,-39.25,22.75,12.75,7.43,-5.12,2.69,-17.19,-12.19,-8.88,-43.38,17.5,9.19,54.790909090909096,-26.45757575757576,21.7969696969697,2.5999999999999996,15.666666666666668,2.1121212121212114,-274.88181818181823,135.63333333333333,77.10909090909091,64.63091305208941,16.020783390931197,316.0731354906325,9.964083738403684,6.479271998926296,4.590324070579056,47.8933093882392,25.151791373616888,30.655957800479857,44.41794821597335,25.320448204993166,14.871305712244494,180.81,87.31,71.93,87.16874458847477,51.7,51.448017050877766,907.1099999999999,447.59000000000003,254.45999999999998,0.4328719961159617,1.0683480627313122,0.30999999999999944,8.579999999999995,3.355373374674176,6.969999999999999,0.28999999999999904,0.864291477830093,0.7482666980285468,66.42722492269122,43.195146659508644,30.602160470527043,319.28872925492806,167.67860915744592,204.37305200319906,296.1196547731557,168.8029880332878,99.14203808162996,84.94050347937761,414.5235252471258,354.9794957837967
0,W,8.412222222222221,-4.221666666666667,3.4394444444444447,4.343333333333334,-5.926666666666667,-0.38222222222222235,-36.760555555555555,21.192777777777778,8.100555555555555,11.87,-2.84,5.28,35.63,24.81,37.75,-34.0,26.37,12.25,5.86,-6.39,1.09,-26.25,-48.5,-25.31,-40.06,16.06,4.25,56.081481481481475,-28.144444444444446,22.929629629629634,28.95555555555556,-39.51111111111111,-2.548148148148149,-245.07037037037037,141.28518518518518,54.00370370370371,66.80576496977008,49.05145418588876,287.9885240769152,14.779271384909126,7.781992258536779,7.179821250843428,53.38785139666253,71.58005637887614,55.264061554793734,42.21470157390508,30.011398013637738,15.259182975759769,151.42,75.99000000000001,61.91,90.21299961757173,123.66909406846385,95.37726511071702,661.69,381.47,145.81,1.7400000000000015,1.7499999999999982,1.8488553579357654,5.939999999999998,15.11597499336381,6.8799999999999955,0.7099999999999942,1.6866238466237924,0.43999999999999767,98.52847589939418,51.8799483902452,47.865475005622855,355.9190093110836,477.20037585917424,368.4270770319582,281.43134382603387,200.07598675758493,101.72788650506513,121.20434524201643,700.0978867268726,359.97578343207476
0,W,8.235217391304348,-3.8373913043478263,3.2604347826086952,4.351304347826088,-0.3647826086956525,-1.274347826086957,-32.200434782608696,19.14304347826087,7.250869565217392,11.23,0.11,4.37,33.13,26.56,20.19,-30.37,29.06,10.06,6.22,-5.87,0.32,-25.19,-36.31,-21.69,-34.06,14.5,5.69,54.90144927536232,-25.582608695652176,21.73623188405797,29.00869565217392,-2.4318840579710166,-8.495652173913047,-214.66956521739132,127.62028985507249,48.33913043478261,64.3514007363288,30.324818043509858,254.37498333072668,12.605431408757815,9.392058954019078,7.27661934545402,61.65485279690311,55.8977915324993,44.89945933619235,35.74498568482733,35.28458778180713,11.736564228575928,189.41,88.25999999999999,74.99,100.08,156.88492943209351,80.76889387793435,740.6100000000001,440.29,166.76999999999998,1.8961595086314158,1.1623897274670802,0.8589778295960806,9.089903791155962,2.7413609968764465,20.51889060232556,0.10928419525009876,6.48277757243151,1.5087189109970185,84.03620939171877,62.61372636012719,48.510795636360136,411.0323519793541,372.65194354999534,299.329728907949,238.29990456551553,235.23058521204757,78.24376152383952,115.48099631931821,630.4088768516626,343.8638668899884
0,S,8.3365,-3.8985,3.137,0.9285,-0.8175000000000001,0.38950000000000007,-39.564,17.735,10.019,8.9,-2.93,3.44,20.69,11.38,6.25,-38.19,19.87,11.75,7.95,-4.44,2.71,-10.31,-16.87,-4.5,-40.69,16.37,8.56,55.57666666666666,-25.99,20.913333333333334,6.19,-5.450000000000001,2.596666666666667,-263.76,118.23333333333333,66.79333333333334,64.8198541257915,8.646460419025685,296.6644705536692,9.353752826728144,5.146136717545873,3.896259180277807,28.94825128652038,25.09359138730398,11.01773412398455,41.833805943060916,20.906598952203638,12.837147137095503,166.73,77.97,62.739999999999995,53.06397464784724,61.40439039816486,27.264978689404494,791.28,354.70000000000005,200.38,0.176918060129542,0.6500000000000008,0.15842652212069364,8.593405579953256,8.249999999999996,4.810000000000001,1.5700924586837752e-16,0.4799999999999899,0.12000000000000466,62.35835217818763,34.307578116972486,25.975061201852046,192.9883419101359,167.29060924869322,73.45156082656366,278.89203962040614,139.37732634802427,85.58098091397002,75.76462107785538,265.75511254514157,323.31240798607024
0,S,8.19076923076923,-4.141538461538461,3.246923076923077,0.5861538461538461,-0.573076923076923,0.30846153846153845,-33.423846153846156,14.18846153846154,6.165384615384616,8.26,-4.06,3.3,2.25,1.37,1.19,-32.56,14.88,6.88,8.1,-4.3,3.17,-1.63,-2.38,-0.88,-34.06,13.38,4.88,54.60512820512821,-27.61025641025641,21.646153846153847,3.9076923076923076,-3.8205128205128203,2.0564102564102567,-222.82564102564106,94.5897435897436,41.10256410256411,64.90456271842493,5.839109566189844,245.5359579912211,,,,,,,,,,,,,,,,,,,,,,,,,,,,,,,,,,,,,,,
0,S,8.268461538461539,-3.92,3.2607692307692306,-2.14,0.24692307692307688,-1.7207692307692308,-39.39,18.965384615384615,9.062307692307693,8.48,-3.65,3.43,1.19,4.13,0.69,-38.06,20.56,9.75,8.11,-4.09,2.99,-6.44,-2.75,-4.19,-40.25,17.19,7.88,55.12307692307693,-26.133333333333333,21.73846153846154,-14.266666666666667,1.6461538461538459,-11.471794871794872,-262.6,126.43589743589743,60.41538461538462,64.76160460209228,18.380687632499605,297.64881128377726,8.6900439297931,4.29116659772556,3.641405387979281,8.58485808897613,5.473858414691906,6.065755471352626,41.458368366119274,21.89188423071747,10.670908799397994,107.49000000000001,50.96000000000001,42.39,27.820000000000004,13.68157231065485,22.37,512.0699999999999,246.55,117.81,0.14472670596419573,0.10478240673499417,0.14369074104715435,2.2707586788036282,2.3995670019806457,3.2449056742930034,0.8047254559970922,1.3715321239957432,0.45467560512763494,57.93362619862067,28.607777318170402,24.276035919861872,57.23238725984087,36.49238943127937,40.43836980901751,276.3891224407952,145.9458948714498,71.13939199598663,69.02199567956548,79.00950822955048,320.54947251084315
0,W,9.197,-4.79,4.056,14.501,-0.849,10.525,-37.288,-9.558,-21.574,13.63,-2.14,5.66,37.88,22.37,34.63,-35.38,-7.56,-18.37,7.31,-6.38,3.45,-10.13,-24.81,-6.94,-39.0,-11.38,-23.5,61.31333333333333,-31.933333333333334,27.040000000000003,96.67333333333333,-5.66,70.16666666666667,-248.58666666666664,-63.72,-143.82666666666668,74.23088455772451,119.5873324766837,294.1796717805105,14.55801520360929,8.287095960963946,6.09774857444645,50.315848459300526,40.296854439030064,48.185321634786874,40.183417467695065,12.649420668922883,25.236110782977576,91.97,47.9,40.56,145.01,106.130994895314,105.25,372.88,95.58000000000001,215.74,4.189222404600259,0.48,0.8600000000000001,11.865291510209616,8.489999999999995,20.54479468628533,0.8800000000000031,0.059999999999998666,0.37999999999999867,97.05343469072861,55.247306406426304,40.651657162976335,335.4389897286702,268.64569626020045,321.23547756524584,267.88944978463377,84.32947112615255,168.24073855318386,118.84524088296192,536.5464173730828,327.3853434643206
0,S,8.088125,-4.1137500000000005,3.561875,0.21937500000000013,-2.495,1.0075,-37.939375,-1.666875,-12.42125,9.16,-3.79,4.09,11.56,10.69,10.69,-35.75,-0.25,-11.0,7.57,-4.6,3.21,-10.19,-21.87,-5.13,-38.88,-2.5,-15.25,53.920833333333334,-27.425000000000004,23.745833333333334,1.4625000000000008,-16.633333333333336,6.716666666666668,-252.92916666666667,-11.1125,-82.80833333333334,64.98808731648867,17.997785839899556,266.3716784427145,9.341493006222858,4.928450936170766,4.373275442778934,20.858639762452462,26.7156256970119,14.450323798805602,40.372951925776356,4.2316959408746495,15.682544714734581,129.41000000000003,65.82,56.99,38.923203387135125,40.166706519443856,28.98442136270808,607.03,26.669999999999998,198.74,0.6674773540715396,0.4168733959761006,0.030000000000001137,3.509999999999998,0.5399999999999956,3.3599999999999968,0.8700000000000045,1.2413956821046934,0.8799999999999955,62.27662004148573,32.856339574471775,29.155169618526227,139.05759841634975,178.10417131341268,96.33549199203735,269.153012838509,28.211306272497666,104.55029809823054,76.20984430839376,245.63924469414113,290.12064206821987
0,S,7.964,-4.3053333333333335,3.538,0.42133333333333334,0.14666666666666667,0.3366666666666667,-38.25066666666667,-0.4799999999999999,-11.565333333333335,8.05,-4.22,3.6,2.38,4.88,1.31,-37.25,0.75,-10.56,7.88,-4.5,3.43,-1.56,-2.88,-1.31,-38.75,-1.75,-12.5,53.09333333333334,-28.702222222222225,23.586666666666666,2.808888888888889,0.9777777777777779,2.244444444444445,-255.00444444444446,-3.1999999999999997,-77.10222222222224,64.8000806279029,3.7260484480260105,266.4249600882483,8.115975064485195,4.523140848134914,3.684304381536654,4.323727156529856,6.267698497060992,2.326512298640407,39.88469473370579,2.496792154423259,13.61517557167711,119.46000000000001,64.58,53.07,9.67477544828841,12.283177318900487,5.05,573.76,7.199999999999999,173.48000000000002,0.07925568441049599,0.060827625302981206,0.03841083455472252,1.9336651273621144,1.9040890085415323,0.02702005346768216,1.0900686105978579,0.42237432358999843,0.9816344494629519,54.1065004299013,30.154272320899427,24.56202921024436,28.824847710199037,41.78465664707328,15.51008199093605,265.89796489137194,16.645281029488395,90.76783714451408,66.63397637015795,53.07911095709432,281.45620151955603
0,W,8.184999999999999,-3.6130000000000004,2.932,11.562000000000001,-8.093,7.138,-38.489,-5.919,-12.469,9.7,0.33,5.75,53.31,29.0,25.44,-36.69,-2.19,-8.56,6.84,-5.31,0.74,-13.75,-36.06,-14.75,-40.0,-9.06,-15.69,54.56666666666666,-24.08666666666667,19.546666666666667,77.08000000000001,-53.95333333333333,47.586666666666666,-256.5933333333333,-39.46,-83.12666666666667,62.767513890546915,105.43613907110894,272.59360414768025,10.237505963970287,7.981348457766799,7.125777057857133,59.1616675110122,61.87934274402263,37.93545767984905,41.42367139128736,11.332215167643813,17.894927279692602,81.85,36.13,29.32,115.62,89.72019708775667,71.38,384.89,59.19,124.69,1.6266017822116294,3.2422749654884973,2.803168627185296,6.87140172025074,30.907938191983575,18.802736028050216,0.9900000000000018,0.8100000000000009,0.7904590180684601,68.25003975980192,53.20898971844533,47.50518038571422,394.41111674008135,412.52895162681756,252.9030511989937,276.15780927524906,75.54810111762542,119.29951519795068,98.7218652455038,624.2597362030008,310.1661257014535
0,S,8.259565217391303,-4.188695652173913,2.885652173913044,0.21173913043478274,0.661304347826087,0.0782608695652174,-39.63304347826087,-3.4143478260869564,-5.207826086956522,8.88,-3.48,3.12,13.31,8.38,3.88,-38.69,-2.75,-3.25,7.93,-4.49,2.4,-8.19,-9.88,-1.69,-40.06,-3.88,-6.5,55.063768115942025,-27.92463768115942,19.237681159420294,1.4115942028985515,4.408695652173914,0.5217391304347827,-264.2202898550725,-22.76231884057971,-34.71884057971015,64.66755233609648,4.658476925710892,267.4619274238823,9.096507617225555,5.098702200907853,3.582956670533559,19.17610489620296,16.71390450128194,5.0763582302616355,41.23435356156328,4.815760156963479,8.800743992314741,189.97,96.34,66.37,29.925898143436697,26.232123723363596,9.100474114134645,911.5600000000001,78.53,119.78,0.32023924867305487,0.5866822236824831,0.19372549329166847,4.870000000000001,5.302405371410362,1.4343196864052452,0.746682935537009,0.28251456563411875,0.05300181237240756,60.64338411483703,33.991348006052355,23.88637780355706,127.84069930801975,111.42603000854628,33.842388201744235,274.8956904104219,32.10506771308986,58.67162661543161,73.50912066364617,172.92863210650378,282.9147146204757
0,W,9.168333333333333,-4.670833333333333,3.533333333333333,2.1558333333333333,-6.905833333333334,-3.686666666666667,-40.490833333333335,-5.116666666666666,-6.530833333333334,15.35,-1.67,6.37,45.81,61.31,14.69,-39.25,-0.5,-1.56,5.11,-9.69,-1.24,-25.25,-57.56,-19.31,-43.38,-8.88,-12.88,61.12222222222222,-31.13888888888889,23.555555555555557,14.372222222222222,-46.03888888888889,-24.57777777777778,-269.9388888888889,-34.11111111111111,-43.53888888888889,72.52875738731602,54.13138851186271,275.54710392504853,17.440840217041707,11.325641496170311,9.878097732098302,65.13904326511668,102.13833409959268,42.940524310807525,43.88740423045036,11.347691709301882,15.59920040738283,110.02,56.05,42.4,186.41100906330615,152.35215571983017,100.88,485.89,61.4,78.37,2.486966023089177,1.810000000000001,2.418697996856987,25.870000000000005,25.249999999999986,22.815065755643243,1.427281295407994,1.722875503337373,1.4900000000000002,116.27226811361139,75.5042766411354,65.85398488065535,434.26028843411126,680.9222273306179,286.2701620720502,292.58269486966907,75.65127806201255,103.9946693825522,153.48251837928066,856.8475263875862,319.5976227533618
0,T,8.170666666666667,-4.1979999999999995,3.0540000000000003,-49.912666666666674,22.546666666666667,-20.78466666666667,-30.82,5.742,-24.929333333333332,8.87,-3.18,4.26,-23.37,50.94,-4.88,-18.87,22.0,-13.5,7.25,-5.97,2.59,-79.5,1.81,-48.63,-43.56,-3.69,-31.5,54.47111111111112,-27.986666666666665,20.360000000000003,-332.7511111111112,150.31111111111113,-138.56444444444446,-205.46666666666667,38.28,-166.19555555555556,64.53592067050818,390.53404119658177,267.02597663435455,9.63846104628658,6.661787799719431,4.424692666549673,102.44563505699467,62.723155335773114,59.23263833643058,56.555183062094976,30.248341534652393,43.36539581108411,122.56,62.97,45.81,748.69,338.2,311.77,462.3,86.13,373.94,0.2594224354214587,0.5896609195122235,0.9301504810040524,14.244426641040745,15.08127544623366,12.42279753067569,11.787683468737564,13.251246482545318,7.642096567979397,64.25640697524386,44.411918664796204,29.49795111033115,682.9709003799645,418.1543689051541,394.8842555762039,377.03455374729987,201.65561023101597,289.1026387405608,83.4951104949513,892.8806764076933,516.1398798618687
0,W,7.688,-3.2030000000000003,3.8339999999999996,8.05,12.13,4.487,-16.549,27.736,-23.762999999999998,10.9,-0.17,7.76,52.25,28.37,30.87,-12.5,30.69,-22.19,3.77,-6.76,-0.79,-29.75,-43.06,-20.62,-19.87,23.56,-26.19,51.25333333333333,-21.353333333333335,25.56,53.66666666666667,80.86666666666667,29.913333333333334,-110.32666666666667,184.90666666666667,-158.42,61.124321036901684,101.55952146401636,267.31880808419663,14.010980298168601,8.72128881911306,10.352604331925257,76.26184526509861,70.27714251733266,49.54584796752187,22.542707056069204,32.82355951636492,26.78210467538497,76.88,32.03,38.34,112.28728617347078,121.3,67.2817279267224,165.49,277.36,237.63,3.1405681629556743,1.3448350472824906,1.2199999999999998,26.948128155033604,43.45188146548613,31.62731640035429,2.0796802127707292,0.7400000000000018,1.3073344875997284,93.40653532112401,58.14192546075373,69.01736221283505,508.4123017673241,468.51428344888444,330.3056531168125,150.28471370712805,218.82373010909944,178.5473645025665,129.87940800526425,766.2183284579496,319.9194920659036
0,S,8.259166666666667,-4.6275,2.0841666666666665,-0.39499999999999996,-0.15666666666666665,0.63,-30.6675,5.121666666666667,-24.498333333333335,8.67,-4.32,2.28,3.63,6.56,3.75,-30.0,5.75,-23.37,7.81,-5.06,1.82,-6.31,-4.63,-2.81,-31.5,3.88,-25.75,55.06111111111112,-30.850000000000005,13.894444444444444,-2.6333333333333333,-1.0444444444444443,4.2,-204.45000000000002,34.144444444444446,-163.32222222222225,64.62587750437032,5.066094022220207,263.8935275030911,9.002854566388004,5.131693226235423,2.5159888072532905,7.472846459701683,9.236482821722644,5.520911763257518,31.965682153650075,6.553967965724554,26.859040768807688,99.11,55.53,25.009999999999998,14.594509241492158,20.86679419556344,9.856681102846183,368.01,61.46,293.98,0.4503961808383811,0.07248451009641782,0.21000000000000085,9.930136612989092e-16,1.88,2.7755067351377365,0.17578395831247207,0.8654521528239819,0.9597395480024798,60.0190304425867,34.21128817490282,16.77325871502194,49.818976398011216,61.57655214481763,36.80607842171679,213.1045476910005,43.693119771497024,179.06027179205125,71.09176085718691,87.34008010171853,281.75382498946766
0,T,8.395,-4.6225,1.885,54.4525,-31.5225,14.071250000000001,-35.34375,2.33,-16.91375,9.24,-3.55,2.6,78.19,-7.56,26.75,-31.75,5.38,-5.19,7.79,-5.56,1.32,11.81,-52.94,1.56,-39.88,-0.69,-23.75,55.96666666666667,-30.816666666666666,12.566666666666666,363.0166666666667,-210.15,93.80833333333334,-235.625,15.533333333333335,-112.75833333333334,65.11417536399684,429.81871315771673,261.67702766111427,9.648976800012043,5.887543235684637,2.963261024427659,105.00951245576681,64.36440059052163,32.41566077728439,42.28982677559977,6.202344793508194,31.990243823932925,67.16,36.98,15.079999999999998,435.62,252.18,112.57,282.75,18.64,135.31,0.75218053039423,0.42338673894079576,0.40198130441880064,2.5,13.060000000000002,10.796003890329049,4.1299999999999955,0.3800000000000008,9.238247089821698,64.3265120000803,39.250288237897585,19.755073496184394,700.0634163717788,429.09600393681086,216.1044051818959,281.9321785039985,41.34896529005463,213.26829215955283,77.90217071233742,849.0661231468883,355.9197306236632
0,W,8.457777777777778,-6.171111111111111,2.804444444444444,7.596666666666666,-6.791111111111111,-7.444444444444445,-39.397777777777776,-0.19999999999999998,1.8888888888888888,13.48,-0.98,4.81,35.5,41.75,68.25,-38.06,5.19,3.88,5.23,-9.44,-0.98,-42.0,-70.87,-64.87,-41.5,-3.56,0.37,56.38518518518519,-41.140740740740746,18.696296296296296,50.64444444444444,-45.27407407407408,-49.62962962962963,-262.65185185185186,-1.3333333333333333,12.592592592592593,72.25926343565492,84.12907745557048,262.9569288822562,14.500288977244148,12.315353971948731,8.153925864419366,68.42050230400521,84.35148239887397,103.38719429638017,41.69150597337063,6.130211963068364,4.514309703141667,76.12,55.54,25.24,137.67288006254233,187.1300289646991,148.7287246741347,354.58,13.737157342877472,17.0,2.954450607969116,4.648341641498759,4.184802488321925,19.68350909345774,13.207317016675935,67.0,1.024217419477376,1.7999999999999998,1.19853808455945,96.66859318162766,82.10235981299155,54.35950576279577,456.1366820267014,562.3432159924931,689.2479619758678,277.94337315580424,40.8680797537891,30.095398020944444,137.98757285115346,999.6766068839438,282.5392921454072
0,S,7.890769230769231,-3.9892307692307694,3.617692307692308,-0.74,-0.8323076923076923,-0.5399999999999999,-42.70384615384615,0.4761538461538461,-10.77,8.38,-2.9,3.88,9.0,3.31,6.44,-42.0,1.25,-9.88,6.94,-4.32,2.62,-6.63,-9.94,-5.44,-43.5,-0.56,-12.25,52.60512820512821,-26.594871794871796,24.11794871794872,-4.933333333333334,-5.5487179487179485,-3.5999999999999996,-284.6923076923077,3.174358974358974,-71.8,63.688791554128635,8.251427067617001,293.6239544282273,8.933789699234406,5.151860181422678,4.684024824059062,13.369756226594259,12.23237259945308,10.39868482828351,44.03214454405388,1.8734026567675839,12.95453982321994,102.58,51.86,47.03,20.853689647266783,27.47812432060933,17.116513518027563,555.15,6.189999999999999,140.01,0.7320046853786233,0.6766044078254038,0.5311172954439091,4.189451582912593,4.543505012036787,2.62667785451096,0.742251180546638,0.42379693186711587,1.420259744109122,59.55859799489605,34.34573454281785,31.226832160393748,89.13170817729507,81.54915066302054,69.32456552189008,293.5476302936925,12.489351045117226,86.36359882146627,75.51139730647783,139.28611115707605,306.24314905311064
0,W,8.187692307692307,-4.517692307692308,3.746153846153846,-5.605384615384616,-0.41461538461538466,1.6830769230769234,-35.88076923076923,18.98846153846154,6.514615384615384,10.19,-2.31,6.12,29.19,23.75,37.63,-33.69,22.19,10.56,5.52,-7.02,1.11,-30.44,-24.31,-38.19,-39.69,15.25,4.25,54.58461538461538,-30.117948717948725,24.974358974358974,-37.369230769230775,-2.7641025641025645,11.220512820512823,-239.20512820512823,126.5897435897436,43.43076923076923,67.15869026301455,39.115209052543676,274.0990482612539,11.772087033885573,8.103439266913027,7.679309339469596,65.02135074381616,45.06118195932441,59.98774888422921,40.42687917517083,25.014257331836383,11.533341874149412,106.44,58.730000000000004,48.7,83.09204779284063,92.82270222178622,99.5561014333044,466.45,246.85000000000002,84.69,0.29822135474706907,0.8186514553648081,2.223417459952306,43.873409298806145,5.389999999999997,21.880000000000003,0.89650770157015,4.039723826904559,1.0112968132041997,78.48058022590382,54.022928446086844,51.195395596463975,433.47567162544107,300.4078797288294,399.9183258948614,269.5125278344722,166.7617155455759,76.88894582766275,108.16028291736292,661.8766648559584,326.1263289308608
0,S,7.89483870967742,-3.980645161290323,3.9696774193548388,-0.9196774193548386,0.3548387096774194,-0.7732258064516129,-43.77935483870968,-0.09161290322580645,-4.991612903225807,8.05,-3.77,4.08,1.75,15.0,0.88,-42.75,1.25,-3.25,7.4,-4.31,3.67,-6.31,-8.56,-4.69,-44.69,-1.0,-6.06,52.63225806451614,-26.537634408602152,26.46451612903226,-6.131182795698924,2.3655913978494625,-5.15483870967742,-291.86236559139786,-0.6107526881720431,-33.27741935483871,64.61246971690726,8.352232471539727,293.75397887751353,8.470392533322979,4.44060099952653,4.331481453639872,9.746788351694638,17.15526174333471,7.321292072440037,46.03264811656078,2.4960459823110472,8.273840313690764,244.74000000000004,123.39999999999999,123.06,28.509999999999998,32.57433227375678,23.970000000000006,1357.1599999999999,4.366153419943813,154.73999999999998,0.13586199537465285,0.14849461892166738,0.03837752726792407,1.454317024405281,4.891270195800712,0.7499444932085556,0.6483646888155894,1.0777400560171677,1.1717461464975483,56.46928355548653,29.6040066635102,28.87654302426581,64.97858901129759,114.36841162223139,48.80861381626691,306.8843207770719,16.640306548740316,55.1589354246051,69.99308489297619,140.30192938643702,312.24572742956235
